week_start,store_id,cat_id,dept_id,y,pred
2016-01-30,CA_1,FOODS,FOODS_1,2208,2166.7330277955284
2016-02-06,CA_1,FOODS,FOODS_1,2452,2446.3081009178513
2016-02-13,CA_1,FOODS,FOODS_1,2240,2610.367552749158
2016-02-20,CA_1,FOODS,FOODS_1,1960,2144.2902332408216
2016-02-27,CA_1,FOODS,FOODS_1,2165,2346.9808073538857
2016-03-05,CA_1,FOODS,FOODS_1,2318,2323.6262809123778
2016-03-12,CA_1,FOODS,FOODS_1,2103,2370.1267662698265
2016-03-19,CA_1,FOODS,FOODS_1,2624,2272.11473205618
2016-03-26,CA_1,FOODS,FOODS_1,2330,2499.383839881247
2016-04-02,CA_1,FOODS,FOODS_1,1956,2501.5756028324927
2016-04-09,CA_1,FOODS,FOODS_1,1967,2437.999363834808
2016-04-16,CA_1,FOODS,FOODS_1,2039,2278.182539119317
2016-01-30,CA_1,FOODS,FOODS_2,3827,3684.9148498719214
2016-02-06,CA_1,FOODS,FOODS_2,3725,3545.438433452979
2016-02-13,CA_1,FOODS,FOODS_2,3331,3330.96445255045
2016-02-20,CA_1,FOODS,FOODS_2,3153,3199.6373453592782
2016-02-27,CA_1,FOODS,FOODS_2,3842,3497.279448289813
2016-03-05,CA_1,FOODS,FOODS_2,4319,3573.043535023021
2016-03-12,CA_1,FOODS,FOODS_2,3660,3456.769563394602
2016-03-19,CA_1,FOODS,FOODS_2,3698,3263.369069047625
2016-03-26,CA_1,FOODS,FOODS_2,3110,3466.163865646579
2016-04-02,CA_1,FOODS,FOODS_2,4343,4021.9040833750005
2016-04-09,CA_1,FOODS,FOODS_2,3825,3435.45579652487
2016-04-16,CA_1,FOODS,FOODS_2,3333,3329.642360419656
2016-01-30,CA_1,FOODS,FOODS_3,14459,12554.514271460537
2016-02-06,CA_1,FOODS,FOODS_3,15007,14351.773641972428
2016-02-13,CA_1,FOODS,FOODS_3,14227,14121.357137844649
2016-02-20,CA_1,FOODS,FOODS_3,13791,13638.754057381359
2016-02-27,CA_1,FOODS,FOODS_3,14035,12314.653769719995
2016-03-05,CA_1,FOODS,FOODS_3,14963,12382.069056154418
2016-03-12,CA_1,FOODS,FOODS_3,13906,12942.72438224062
2016-03-19,CA_1,FOODS,FOODS_3,15663,12800.408905808184
2016-03-26,CA_1,FOODS,FOODS_3,15056,13955.237936969052
2016-04-02,CA_1,FOODS,FOODS_3,16090,14201.745245028911
2016-04-09,CA_1,FOODS,FOODS_3,15058,14622.243265365698
2016-04-16,CA_1,FOODS,FOODS_3,15470,13928.342906078597
2016-01-30,CA_1,HOBBIES,HOBBIES_1,3570,3545.9101537582096
2016-02-06,CA_1,HOBBIES,HOBBIES_1,3244,3423.8345550135255
2016-02-13,CA_1,HOBBIES,HOBBIES_1,3518,3577.0449343103724
2016-02-20,CA_1,HOBBIES,HOBBIES_1,3351,3396.930938253959
2016-02-27,CA_1,HOBBIES,HOBBIES_1,3399,3555.0481286116756
2016-03-05,CA_1,HOBBIES,HOBBIES_1,3470,3597.959817464446
2016-03-12,CA_1,HOBBIES,HOBBIES_1,3295,3478.214806285022
2016-03-19,CA_1,HOBBIES,HOBBIES_1,3147,3491.807928451889
2016-03-26,CA_1,HOBBIES,HOBBIES_1,3475,3457.2259645451445
2016-04-02,CA_1,HOBBIES,HOBBIES_1,3550,3579.146646744423
2016-04-09,CA_1,HOBBIES,HOBBIES_1,3151,3446.87315155943
2016-04-16,CA_1,HOBBIES,HOBBIES_1,3449,3528.7396050575776
2016-01-30,CA_1,HOBBIES,HOBBIES_2,337,297.7712025409187
2016-02-06,CA_1,HOBBIES,HOBBIES_2,283,320.3700261108209
2016-02-13,CA_1,HOBBIES,HOBBIES_2,245,330.3916668153681
2016-02-20,CA_1,HOBBIES,HOBBIES_2,294,326.4052371717201
2016-02-27,CA_1,HOBBIES,HOBBIES_2,289,326.4052371717201
2016-03-05,CA_1,HOBBIES,HOBBIES_2,270,337.1000987899751
2016-03-12,CA_1,HOBBIES,HOBBIES_2,329,488.4079899004849
2016-03-19,CA_1,HOBBIES,HOBBIES_2,304,329.83720683275845
2016-03-26,CA_1,HOBBIES,HOBBIES_2,281,337.03266793175214
2016-04-02,CA_1,HOBBIES,HOBBIES_2,254,290.1881234558388
2016-04-09,CA_1,HOBBIES,HOBBIES_2,223,290.1881234558388
2016-04-16,CA_1,HOBBIES,HOBBIES_2,265,433.1686955545731
2016-01-30,CA_1,HOUSEHOLD,HOUSEHOLD_1,5910,5303.156026657223
2016-02-06,CA_1,HOUSEHOLD,HOUSEHOLD_1,5302,5394.095721418821
2016-02-13,CA_1,HOUSEHOLD,HOUSEHOLD_1,5623,5761.936340127756
2016-02-20,CA_1,HOUSEHOLD,HOUSEHOLD_1,5295,5730.007557116291
2016-02-27,CA_1,HOUSEHOLD,HOUSEHOLD_1,5588,6148.995035496687
2016-03-05,CA_1,HOUSEHOLD,HOUSEHOLD_1,5547,5892.238240007112
2016-03-12,CA_1,HOUSEHOLD,HOUSEHOLD_1,5507,5884.245195700695
2016-03-19,CA_1,HOUSEHOLD,HOUSEHOLD_1,5549,5838.923564854613
2016-03-26,CA_1,HOUSEHOLD,HOUSEHOLD_1,5182,5895.786154577683
2016-04-02,CA_1,HOUSEHOLD,HOUSEHOLD_1,5777,5707.349662301933
2016-04-09,CA_1,HOUSEHOLD,HOUSEHOLD_1,5557,5841.7669260385155
2016-04-16,CA_1,HOUSEHOLD,HOUSEHOLD_1,5268,5950.99780638135
2016-01-30,CA_1,HOUSEHOLD,HOUSEHOLD_2,1297,1417.454494850687
2016-02-06,CA_1,HOUSEHOLD,HOUSEHOLD_2,1367,1452.5752298239945
2016-02-13,CA_1,HOUSEHOLD,HOUSEHOLD_2,1429,1471.152956610294
2016-02-20,CA_1,HOUSEHOLD,HOUSEHOLD_2,1416,1509.0703880531294
2016-02-27,CA_1,HOUSEHOLD,HOUSEHOLD_2,1522,1559.0347500780902
2016-03-05,CA_1,HOUSEHOLD,HOUSEHOLD_2,1493,1587.1429634102572
2016-03-12,CA_1,HOUSEHOLD,HOUSEHOLD_2,1427,1526.1877974437816
2016-03-19,CA_1,HOUSEHOLD,HOUSEHOLD_2,1533,1582.0455211173908
2016-03-26,CA_1,HOUSEHOLD,HOUSEHOLD_2,1465,1549.1566307649678
2016-04-02,CA_1,HOUSEHOLD,HOUSEHOLD_2,1616,1564.1178929122473
2016-04-09,CA_1,HOUSEHOLD,HOUSEHOLD_2,1460,1564.1178929122473
2016-04-16,CA_1,HOUSEHOLD,HOUSEHOLD_2,1523,1539.7914929395172
2016-01-30,CA_2,FOODS,FOODS_1,3097,2933.521782565394
2016-02-06,CA_2,FOODS,FOODS_1,3288,2879.7872083189272
2016-02-13,CA_2,FOODS,FOODS_1,3111,3061.6294555051945
2016-02-20,CA_2,FOODS,FOODS_1,2945,2822.279892798963
2016-02-27,CA_2,FOODS,FOODS_1,2960,2875.64835543189
2016-03-05,CA_2,FOODS,FOODS_1,3274,2909.8557330452245
2016-03-12,CA_2,FOODS,FOODS_1,2970,2860.2367582894076
2016-03-19,CA_2,FOODS,FOODS_1,2924,2756.3594422766073
2016-03-26,CA_2,FOODS,FOODS_1,3058,2933.629790172407
2016-04-02,CA_2,FOODS,FOODS_1,2998,3017.029093177248
2016-04-09,CA_2,FOODS,FOODS_1,3444,3033.5656227062714
2016-04-16,CA_2,FOODS,FOODS_1,3047,2954.4384312561538
2016-01-30,CA_2,FOODS,FOODS_2,3563,3216.3965269221703
2016-02-06,CA_2,FOODS,FOODS_2,3226,3315.35970634059
2016-02-13,CA_2,FOODS,FOODS_2,3309,3165.185935401718
2016-02-20,CA_2,FOODS,FOODS_2,3312,3072.8664663400123
2016-02-27,CA_2,FOODS,FOODS_2,3561,3085.7808548493967
2016-03-05,CA_2,FOODS,FOODS_2,3911,3215.050814142693
2016-03-12,CA_2,FOODS,FOODS_2,3667,3145.769375810633
2016-03-19,CA_2,FOODS,FOODS_2,2171,3057.8326963689174
2016-03-26,CA_2,FOODS,FOODS_2,3575,3218.7245352794603
2016-04-02,CA_2,FOODS,FOODS_2,3651,3499.5566607915243
2016-04-09,CA_2,FOODS,FOODS_2,3525,3374.004559391079
2016-04-16,CA_2,FOODS,FOODS_2,3339,3268.3360352177347
2016-01-30,CA_2,FOODS,FOODS_3,12402,11624.89519450499
2016-02-06,CA_2,FOODS,FOODS_3,13195,12045.58290404155
2016-02-13,CA_2,FOODS,FOODS_3,13057,11804.651888267248
2016-02-20,CA_2,FOODS,FOODS_3,12533,11498.34409281259
2016-02-27,CA_2,FOODS,FOODS_3,12811,10273.019762620737
2016-03-05,CA_2,FOODS,FOODS_3,13477,10826.30081769198
2016-03-12,CA_2,FOODS,FOODS_3,13074,10709.826241673765
2016-03-19,CA_2,FOODS,FOODS_3,10458,11353.57369391393
2016-03-26,CA_2,FOODS,FOODS_3,14525,11422.48618923693
2016-04-02,CA_2,FOODS,FOODS_3,14062,12112.35378811352
2016-04-09,CA_2,FOODS,FOODS_3,13863,12150.367640654002
2016-04-16,CA_2,FOODS,FOODS_3,13439,12208.907020187122
2016-01-30,CA_2,HOBBIES,HOBBIES_1,2440,2523.9688820661413
2016-02-06,CA_2,HOBBIES,HOBBIES_1,2197,2519.530434571318
2016-02-13,CA_2,HOBBIES,HOBBIES_1,2524,2572.9684248214544
2016-02-20,CA_2,HOBBIES,HOBBIES_1,2792,2424.0163908483846
2016-02-27,CA_2,HOBBIES,HOBBIES_1,2556,2558.700828751529
2016-03-05,CA_2,HOBBIES,HOBBIES_1,2609,2562.5436463172773
2016-03-12,CA_2,HOBBIES,HOBBIES_1,2637,2643.400361940943
2016-03-19,CA_2,HOBBIES,HOBBIES_1,2109,2646.030169988495
2016-03-26,CA_2,HOBBIES,HOBBIES_1,2596,2744.7290084563165
2016-04-02,CA_2,HOBBIES,HOBBIES_1,2657,2727.246040438374
2016-04-09,CA_2,HOBBIES,HOBBIES_1,2698,2607.606697427006
2016-04-16,CA_2,HOBBIES,HOBBIES_1,2491,2428.177706481487
2016-01-30,CA_2,HOBBIES,HOBBIES_2,356,266.2846740604608
2016-02-06,CA_2,HOBBIES,HOBBIES_2,281,318.2805677467318
2016-02-13,CA_2,HOBBIES,HOBBIES_2,238,328.771015037085
2016-02-20,CA_2,HOBBIES,HOBBIES_2,245,279.50770457837154
2016-02-27,CA_2,HOBBIES,HOBBIES_2,253,279.50770457837154
2016-03-05,CA_2,HOBBIES,HOBBIES_2,260,293.5990278599768
2016-03-12,CA_2,HOBBIES,HOBBIES_2,303,279.0778541447644
2016-03-19,CA_2,HOBBIES,HOBBIES_2,249,328.7702995953706
2016-03-26,CA_2,HOBBIES,HOBBIES_2,280,330.9018560707306
2016-04-02,CA_2,HOBBIES,HOBBIES_2,242,273.2366845412885
2016-04-09,CA_2,HOBBIES,HOBBIES_2,324,267.34758626623625
2016-04-16,CA_2,HOBBIES,HOBBIES_2,266,334.66028233515766
2016-01-30,CA_2,HOUSEHOLD,HOUSEHOLD_1,5839,5166.058358785718
2016-02-06,CA_2,HOUSEHOLD,HOUSEHOLD_1,5099,5176.497611255191
2016-02-13,CA_2,HOUSEHOLD,HOUSEHOLD_1,5328,5470.355197371765
2016-02-20,CA_2,HOUSEHOLD,HOUSEHOLD_1,5333,5369.920690489185
2016-02-27,CA_2,HOUSEHOLD,HOUSEHOLD_1,5716,5388.079653753366
2016-03-05,CA_2,HOUSEHOLD,HOUSEHOLD_1,5412,5302.508693806142
2016-03-12,CA_2,HOUSEHOLD,HOUSEHOLD_1,5583,5165.312783768603
2016-03-19,CA_2,HOUSEHOLD,HOUSEHOLD_1,4107,5229.899025688529
2016-03-26,CA_2,HOUSEHOLD,HOUSEHOLD_1,5885,5343.978356942106
2016-04-02,CA_2,HOUSEHOLD,HOUSEHOLD_1,6172,5349.146501313683
2016-04-09,CA_2,HOUSEHOLD,HOUSEHOLD_1,5618,5287.844281837041
2016-04-16,CA_2,HOUSEHOLD,HOUSEHOLD_1,5215,5011.675372072404
2016-01-30,CA_2,HOUSEHOLD,HOUSEHOLD_2,1950,1978.3639020745284
2016-02-06,CA_2,HOUSEHOLD,HOUSEHOLD_2,1953,1964.6995088380131
2016-02-13,CA_2,HOUSEHOLD,HOUSEHOLD_2,2050,1954.9094456072676
2016-02-20,CA_2,HOUSEHOLD,HOUSEHOLD_2,1983,2026.0792089006275
2016-02-27,CA_2,HOUSEHOLD,HOUSEHOLD_2,2055,2106.0412288628777
2016-03-05,CA_2,HOUSEHOLD,HOUSEHOLD_2,1877,2184.4736675681697
2016-03-12,CA_2,HOUSEHOLD,HOUSEHOLD_2,1908,2127.1579219833307
2016-03-19,CA_2,HOUSEHOLD,HOUSEHOLD_2,1649,2146.081265434338
2016-03-26,CA_2,HOUSEHOLD,HOUSEHOLD_2,2103,2169.58034281707
2016-04-02,CA_2,HOUSEHOLD,HOUSEHOLD_2,2197,2239.8647727722505
2016-04-09,CA_2,HOUSEHOLD,HOUSEHOLD_2,2293,2172.0934101362386
2016-04-16,CA_2,HOUSEHOLD,HOUSEHOLD_2,2227,2131.0706648303712
2016-01-30,CA_3,FOODS,FOODS_1,3067,2927.5148528390214
2016-02-06,CA_3,FOODS,FOODS_1,3101,3140.8892046675833
2016-02-13,CA_3,FOODS,FOODS_1,3565,3094.782601707093
2016-02-20,CA_3,FOODS,FOODS_1,3267,3015.242101415657
2016-02-27,CA_3,FOODS,FOODS_1,2967,3067.5916362939156
2016-03-05,CA_3,FOODS,FOODS_1,3251,3134.503616741144
2016-03-12,CA_3,FOODS,FOODS_1,2757,3063.8995749056508
2016-03-19,CA_3,FOODS,FOODS_1,3082,2944.623863565736
2016-03-26,CA_3,FOODS,FOODS_1,2903,3041.447407299247
2016-04-02,CA_3,FOODS,FOODS_1,2542,3158.982923916874
2016-04-09,CA_3,FOODS,FOODS_1,2722,2904.3904719185225
2016-04-16,CA_3,FOODS,FOODS_1,2506,2786.493922007956
2016-01-30,CA_3,FOODS,FOODS_2,5154,5008.8653224585605
2016-02-06,CA_3,FOODS,FOODS_2,5021,4845.268241532441
2016-02-13,CA_3,FOODS,FOODS_2,4870,4572.551733962289
2016-02-20,CA_3,FOODS,FOODS_2,4385,4148.333929561893
2016-02-27,CA_3,FOODS,FOODS_2,4739,4723.526160682185
2016-03-05,CA_3,FOODS,FOODS_2,5207,5009.2000253638635
2016-03-12,CA_3,FOODS,FOODS_2,4503,4502.154858231561
2016-03-19,CA_3,FOODS,FOODS_2,4426,4273.976071770546
2016-03-26,CA_3,FOODS,FOODS_2,4381,4573.734686238797
2016-04-02,CA_3,FOODS,FOODS_2,5194,5274.737348407881
2016-04-09,CA_3,FOODS,FOODS_2,5169,4751.780624066529
2016-04-16,CA_3,FOODS,FOODS_2,4430,4379.569593356908
2016-01-30,CA_3,FOODS,FOODS_3,20011,17827.712734184333
2016-02-06,CA_3,FOODS,FOODS_3,21187,18452.67654185299
2016-02-13,CA_3,FOODS,FOODS_3,20450,19394.50889165735
2016-02-20,CA_3,FOODS,FOODS_3,20857,19175.797182085007
2016-02-27,CA_3,FOODS,FOODS_3,20829,17338.252923113265
2016-03-05,CA_3,FOODS,FOODS_3,21714,19193.58053264038
2016-03-12,CA_3,FOODS,FOODS_3,20309,17033.596168320342
2016-03-19,CA_3,FOODS,FOODS_3,20982,17601.96536382598
2016-03-26,CA_3,FOODS,FOODS_3,20491,19362.132603025617
2016-04-02,CA_3,FOODS,FOODS_3,21661,22012.40186880385
2016-04-09,CA_3,FOODS,FOODS_3,20584,21297.34612526886
2016-04-16,CA_3,FOODS,FOODS_3,19544,21142.04207180618
2016-01-30,CA_3,HOBBIES,HOBBIES_1,4131,3820.4693495883985
2016-02-06,CA_3,HOBBIES,HOBBIES_1,3673,3908.465514137118
2016-02-13,CA_3,HOBBIES,HOBBIES_1,3986,3749.179196348727
2016-02-20,CA_3,HOBBIES,HOBBIES_1,3634,3717.0624588839783
2016-02-27,CA_3,HOBBIES,HOBBIES_1,3728,3669.0262004892484
2016-03-05,CA_3,HOBBIES,HOBBIES_1,3808,3655.419118080643
2016-03-12,CA_3,HOBBIES,HOBBIES_1,3847,3707.366686408654
2016-03-19,CA_3,HOBBIES,HOBBIES_1,3585,3702.701653859017
2016-03-26,CA_3,HOBBIES,HOBBIES_1,3605,4229.803377563648
2016-04-02,CA_3,HOBBIES,HOBBIES_1,3557,4007.32104603597
2016-04-09,CA_3,HOBBIES,HOBBIES_1,3402,3734.409384405881
2016-04-16,CA_3,HOBBIES,HOBBIES_1,3848,3774.5283716865383
2016-01-30,CA_3,HOBBIES,HOBBIES_2,295,488.31780850701745
2016-02-06,CA_3,HOBBIES,HOBBIES_2,329,513.7993167142693
2016-02-13,CA_3,HOBBIES,HOBBIES_2,297,444.82045739029024
2016-02-20,CA_3,HOBBIES,HOBBIES_2,359,369.20112467549865
2016-02-27,CA_3,HOBBIES,HOBBIES_2,342,369.20112467549865
2016-03-05,CA_3,HOBBIES,HOBBIES_2,341,440.21155544220915
2016-03-12,CA_3,HOBBIES,HOBBIES_2,416,440.21155544220915
2016-03-19,CA_3,HOBBIES,HOBBIES_2,394,521.0919141983255
2016-03-26,CA_3,HOBBIES,HOBBIES_2,352,514.2333066731007
2016-04-02,CA_3,HOBBIES,HOBBIES_2,351,467.2269494603263
2016-04-09,CA_3,HOBBIES,HOBBIES_2,390,488.5682286819159
2016-04-16,CA_3,HOBBIES,HOBBIES_2,362,522.2982583094032
2016-01-30,CA_3,HOUSEHOLD,HOUSEHOLD_1,10569,9567.729378902775
2016-02-06,CA_3,HOUSEHOLD,HOUSEHOLD_1,9318,9363.102013006097
2016-02-13,CA_3,HOUSEHOLD,HOUSEHOLD_1,9965,9795.19981812922
2016-02-20,CA_3,HOUSEHOLD,HOUSEHOLD_1,9698,9413.98416364574
2016-02-27,CA_3,HOUSEHOLD,HOUSEHOLD_1,10375,9600.191616648424
2016-03-05,CA_3,HOUSEHOLD,HOUSEHOLD_1,10186,10080.544278877083
2016-03-12,CA_3,HOUSEHOLD,HOUSEHOLD_1,9911,9746.170727655863
2016-03-19,CA_3,HOUSEHOLD,HOUSEHOLD_1,9822,9269.046823609131
2016-03-26,CA_3,HOUSEHOLD,HOUSEHOLD_1,9807,9516.82370651186
2016-04-02,CA_3,HOUSEHOLD,HOUSEHOLD_1,10662,9953.686858276153
2016-04-09,CA_3,HOUSEHOLD,HOUSEHOLD_1,10210,10068.233451263468
2016-04-16,CA_3,HOUSEHOLD,HOUSEHOLD_1,9805,10283.825829641004
2016-01-30,CA_3,HOUSEHOLD,HOUSEHOLD_2,1929,2094.3448134352457
2016-02-06,CA_3,HOUSEHOLD,HOUSEHOLD_2,2122,2173.5336455173824
2016-02-13,CA_3,HOUSEHOLD,HOUSEHOLD_2,2138,2174.5712677244887
2016-02-20,CA_3,HOUSEHOLD,HOUSEHOLD_2,2206,2161.4292665811054
2016-02-27,CA_3,HOUSEHOLD,HOUSEHOLD_2,2273,2192.996329047648
2016-03-05,CA_3,HOUSEHOLD,HOUSEHOLD_2,2169,2224.6234325033856
2016-03-12,CA_3,HOUSEHOLD,HOUSEHOLD_2,2285,2156.2585709194263
2016-03-19,CA_3,HOUSEHOLD,HOUSEHOLD_2,2367,2213.1559064858434
2016-03-26,CA_3,HOUSEHOLD,HOUSEHOLD_2,2316,2135.3402822931603
2016-04-02,CA_3,HOUSEHOLD,HOUSEHOLD_2,1992,2415.47625846284
2016-04-09,CA_3,HOUSEHOLD,HOUSEHOLD_2,2335,2275.6686784081676
2016-04-16,CA_3,HOUSEHOLD,HOUSEHOLD_2,2339,2154.614317546614
2016-01-30,CA_4,FOODS,FOODS_1,1730,1578.2596828455326
2016-02-06,CA_4,FOODS,FOODS_1,1483,1773.4452651212773
2016-02-13,CA_4,FOODS,FOODS_1,1409,1809.5231103949143
2016-02-20,CA_4,FOODS,FOODS_1,1270,1448.6685192284135
2016-02-27,CA_4,FOODS,FOODS_1,1493,1549.5062658012246
2016-03-05,CA_4,FOODS,FOODS_1,1638,1746.3991307292847
2016-03-12,CA_4,FOODS,FOODS_1,1552,1735.533227784434
2016-03-19,CA_4,FOODS,FOODS_1,1820,1628.1044063322647
2016-03-26,CA_4,FOODS,FOODS_1,1477,1674.2198926807116
2016-04-02,CA_4,FOODS,FOODS_1,1439,1719.80845398056
2016-04-09,CA_4,FOODS,FOODS_1,1537,1612.3198602799073
2016-04-16,CA_4,FOODS,FOODS_1,1435,1526.2163528050503
2016-01-30,CA_4,FOODS,FOODS_2,2387,2534.603513403061
2016-02-06,CA_4,FOODS,FOODS_2,2366,2487.791080843898
2016-02-13,CA_4,FOODS,FOODS_2,2364,2228.7909872336004
2016-02-20,CA_4,FOODS,FOODS_2,2405,2245.2835982129345
2016-02-27,CA_4,FOODS,FOODS_2,2392,2330.282475729743
2016-03-05,CA_4,FOODS,FOODS_2,2768,2332.122462008864
2016-03-12,CA_4,FOODS,FOODS_2,2456,2226.591152239226
2016-03-19,CA_4,FOODS,FOODS_2,2467,2158.504193687142
2016-03-26,CA_4,FOODS,FOODS_2,2405,2222.4489311676675
2016-04-02,CA_4,FOODS,FOODS_2,2776,2421.0572949409343
2016-04-09,CA_4,FOODS,FOODS_2,2656,2367.2476781462497
2016-04-16,CA_4,FOODS,FOODS_2,2435,2326.3524947226
2016-01-30,CA_4,FOODS,FOODS_3,7206,7091.0500278185655
2016-02-06,CA_4,FOODS,FOODS_3,7799,7211.307772714844
2016-02-13,CA_4,FOODS,FOODS_3,7238,7149.321968596701
2016-02-20,CA_4,FOODS,FOODS_3,7153,7066.765750152144
2016-02-27,CA_4,FOODS,FOODS_3,7916,7050.272173752374
2016-03-05,CA_4,FOODS,FOODS_3,7815,7043.008567000621
2016-03-12,CA_4,FOODS,FOODS_3,7557,7372.318656396751
2016-03-19,CA_4,FOODS,FOODS_3,8097,7496.070987412973
2016-03-26,CA_4,FOODS,FOODS_3,7886,7166.9195017943175
2016-04-02,CA_4,FOODS,FOODS_3,8074,7266.598039602964
2016-04-09,CA_4,FOODS,FOODS_3,7757,7452.444445797371
2016-04-16,CA_4,FOODS,FOODS_3,8570,7431.361414127747
2016-01-30,CA_4,HOBBIES,HOBBIES_1,2981,2589.2639396070526
2016-02-06,CA_4,HOBBIES,HOBBIES_1,2677,2562.72817343821
2016-02-13,CA_4,HOBBIES,HOBBIES_1,2542,2612.3565813122245
2016-02-20,CA_4,HOBBIES,HOBBIES_1,2309,2597.8339183406197
2016-02-27,CA_4,HOBBIES,HOBBIES_1,2784,2613.480367658489
2016-03-05,CA_4,HOBBIES,HOBBIES_1,2370,2572.9458194472436
2016-03-12,CA_4,HOBBIES,HOBBIES_1,2360,2473.1319718007176
2016-03-19,CA_4,HOBBIES,HOBBIES_1,2398,2450.0623768894384
2016-03-26,CA_4,HOBBIES,HOBBIES_1,2330,2534.2071730960765
2016-04-02,CA_4,HOBBIES,HOBBIES_1,2451,2669.380810470756
2016-04-09,CA_4,HOBBIES,HOBBIES_1,2366,2595.8826999147323
2016-04-16,CA_4,HOBBIES,HOBBIES_1,2526,2575.676152474697
2016-01-30,CA_4,HOBBIES,HOBBIES_2,128,115.61902429653006
2016-02-06,CA_4,HOBBIES,HOBBIES_2,168,142.8474310130402
2016-02-13,CA_4,HOBBIES,HOBBIES_2,87,122.4860065725676
2016-02-20,CA_4,HOBBIES,HOBBIES_2,109,116.21950546600951
2016-02-27,CA_4,HOBBIES,HOBBIES_2,142,140.29683729493254
2016-03-05,CA_4,HOBBIES,HOBBIES_2,99,149.01559590347003
2016-03-12,CA_4,HOBBIES,HOBBIES_2,109,138.0193545592917
2016-03-19,CA_4,HOBBIES,HOBBIES_2,122,111.40164918861356
2016-03-26,CA_4,HOBBIES,HOBBIES_2,91,116.59829675758017
2016-04-02,CA_4,HOBBIES,HOBBIES_2,130,128.72531489733353
2016-04-09,CA_4,HOBBIES,HOBBIES_2,123,119.36562972437177
2016-04-16,CA_4,HOBBIES,HOBBIES_2,105,118.94146852451907
2016-01-30,CA_4,HOUSEHOLD,HOUSEHOLD_1,2753,2516.204066960774
2016-02-06,CA_4,HOUSEHOLD,HOUSEHOLD_1,2502,2585.6329706828033
2016-02-13,CA_4,HOUSEHOLD,HOUSEHOLD_1,2536,2670.5596050588397
2016-02-20,CA_4,HOUSEHOLD,HOUSEHOLD_1,2695,2599.776372920929
2016-02-27,CA_4,HOUSEHOLD,HOUSEHOLD_1,2703,2621.653552758116
2016-03-05,CA_4,HOUSEHOLD,HOUSEHOLD_1,2720,2535.0987309374027
2016-03-12,CA_4,HOUSEHOLD,HOUSEHOLD_1,2670,2528.786094520671
2016-03-19,CA_4,HOUSEHOLD,HOUSEHOLD_1,2770,2479.1982588701767
2016-03-26,CA_4,HOUSEHOLD,HOUSEHOLD_1,2754,2549.79602213122
2016-04-02,CA_4,HOUSEHOLD,HOUSEHOLD_1,2860,2722.7497148012694
2016-04-09,CA_4,HOUSEHOLD,HOUSEHOLD_1,2801,2733.3709865320952
2016-04-16,CA_4,HOUSEHOLD,HOUSEHOLD_1,2795,2803.28000984916
2016-01-30,CA_4,HOUSEHOLD,HOUSEHOLD_2,801,754.456959294215
2016-02-06,CA_4,HOUSEHOLD,HOUSEHOLD_2,789,820.4615616435844
2016-02-13,CA_4,HOUSEHOLD,HOUSEHOLD_2,864,822.5562393513741
2016-02-20,CA_4,HOUSEHOLD,HOUSEHOLD_2,827,853.4845801614777
2016-02-27,CA_4,HOUSEHOLD,HOUSEHOLD_2,928,856.292860979902
2016-03-05,CA_4,HOUSEHOLD,HOUSEHOLD_2,845,859.1168261241216
2016-03-12,CA_4,HOUSEHOLD,HOUSEHOLD_2,927,869.081980802126
2016-03-19,CA_4,HOUSEHOLD,HOUSEHOLD_2,989,864.6138596499874
2016-03-26,CA_4,HOUSEHOLD,HOUSEHOLD_2,1040,867.9547710880558
2016-04-02,CA_4,HOUSEHOLD,HOUSEHOLD_2,1063,941.0021413296017
2016-04-09,CA_4,HOUSEHOLD,HOUSEHOLD_2,936,906.202293825501
2016-04-16,CA_4,HOUSEHOLD,HOUSEHOLD_2,1092,869.3812094328734
2016-01-30,TX_1,FOODS,FOODS_1,1477,1528.504466546155
2016-02-06,TX_1,FOODS,FOODS_1,1507,1710.2053358524645
2016-02-13,TX_1,FOODS,FOODS_1,1437,1881.4804610859678
2016-02-20,TX_1,FOODS,FOODS_1,1229,1478.704959037678
2016-02-27,TX_1,FOODS,FOODS_1,1406,1526.319422261027
2016-03-05,TX_1,FOODS,FOODS_1,1296,1584.8234686463459
2016-03-12,TX_1,FOODS,FOODS_1,1300,1500.7202367407458
2016-03-19,TX_1,FOODS,FOODS_1,1506,1493.7384014644683
2016-03-26,TX_1,FOODS,FOODS_1,1538,1702.0671932817136
2016-04-02,TX_1,FOODS,FOODS_1,1447,1868.2942414241375
2016-04-09,TX_1,FOODS,FOODS_1,1444,1972.678761532826
2016-04-16,TX_1,FOODS,FOODS_1,1395,1902.024217948763
2016-01-30,TX_1,FOODS,FOODS_2,2511,2271.9667022828917
2016-02-06,TX_1,FOODS,FOODS_2,2695,2436.2192355793372
2016-02-13,TX_1,FOODS,FOODS_2,2739,2403.7957319737384
2016-02-20,TX_1,FOODS,FOODS_2,2285,2198.776543087433
2016-02-27,TX_1,FOODS,FOODS_2,2299,2455.090687751682
2016-03-05,TX_1,FOODS,FOODS_2,2778,2680.924567643627
2016-03-12,TX_1,FOODS,FOODS_2,2719,2618.4934779898767
2016-03-19,TX_1,FOODS,FOODS_2,2286,2291.3946230709485
2016-03-26,TX_1,FOODS,FOODS_2,2198,2377.651581124093
2016-04-02,TX_1,FOODS,FOODS_2,2787,2646.4099838088937
2016-04-09,TX_1,FOODS,FOODS_2,2630,2894.520050168569
2016-04-16,TX_1,FOODS,FOODS_2,2647,2405.5513658806576
2016-01-30,TX_1,FOODS,FOODS_3,9215,8662.225094876545
2016-02-06,TX_1,FOODS,FOODS_3,10489,8907.4891746832
2016-02-13,TX_1,FOODS,FOODS_3,10570,9373.659886755662
2016-02-20,TX_1,FOODS,FOODS_3,9671,8910.016308864817
2016-02-27,TX_1,FOODS,FOODS_3,9553,8090.410694745759
2016-03-05,TX_1,FOODS,FOODS_3,10144,9066.099159577387
2016-03-12,TX_1,FOODS,FOODS_3,11158,9636.93106775354
2016-03-19,TX_1,FOODS,FOODS_3,9876,8648.512500188286
2016-03-26,TX_1,FOODS,FOODS_3,10531,8157.045785811072
2016-04-02,TX_1,FOODS,FOODS_3,10929,9909.522737145377
2016-04-09,TX_1,FOODS,FOODS_3,10942,10108.317943793509
2016-04-16,TX_1,FOODS,FOODS_3,11079,8588.753278807577
2016-01-30,TX_1,HOBBIES,HOBBIES_1,1773,1763.11320023938
2016-02-06,TX_1,HOBBIES,HOBBIES_1,1718,2003.998535290198
2016-02-13,TX_1,HOBBIES,HOBBIES_1,1795,1920.369129591933
2016-02-20,TX_1,HOBBIES,HOBBIES_1,1786,1988.5444568956884
2016-02-27,TX_1,HOBBIES,HOBBIES_1,1629,1871.6218809937384
2016-03-05,TX_1,HOBBIES,HOBBIES_1,1712,1899.6838842834397
2016-03-12,TX_1,HOBBIES,HOBBIES_1,1764,1717.7596662203748
2016-03-19,TX_1,HOBBIES,HOBBIES_1,1617,1813.743467259456
2016-03-26,TX_1,HOBBIES,HOBBIES_1,1716,1913.5487417276122
2016-04-02,TX_1,HOBBIES,HOBBIES_1,1935,1967.9895488449947
2016-04-09,TX_1,HOBBIES,HOBBIES_1,1709,1893.8005985520647
2016-04-16,TX_1,HOBBIES,HOBBIES_1,1737,1821.3355136755133
2016-01-30,TX_1,HOBBIES,HOBBIES_2,328,310.88268198501265
2016-02-06,TX_1,HOBBIES,HOBBIES_2,288,275.6634229968199
2016-02-13,TX_1,HOBBIES,HOBBIES_2,206,252.9328657308519
2016-02-20,TX_1,HOBBIES,HOBBIES_2,209,249.6068716528452
2016-02-27,TX_1,HOBBIES,HOBBIES_2,283,278.49677492735105
2016-03-05,TX_1,HOBBIES,HOBBIES_2,145,278.0669244937439
2016-03-12,TX_1,HOBBIES,HOBBIES_2,222,249.17702121923804
2016-03-19,TX_1,HOBBIES,HOBBIES_2,161,233.4568410187971
2016-03-26,TX_1,HOBBIES,HOBBIES_2,220,186.94515891890643
2016-04-02,TX_1,HOBBIES,HOBBIES_2,205,221.3427991117061
2016-04-09,TX_1,HOBBIES,HOBBIES_2,267,221.3427991117061
2016-04-16,TX_1,HOBBIES,HOBBIES_2,254,197.7455190293576
2016-01-30,TX_1,HOUSEHOLD,HOUSEHOLD_1,5200,5129.831709245599
2016-02-06,TX_1,HOUSEHOLD,HOUSEHOLD_1,5364,5249.940457659914
2016-02-13,TX_1,HOUSEHOLD,HOUSEHOLD_1,5510,5650.199089250873
2016-02-20,TX_1,HOUSEHOLD,HOUSEHOLD_1,5275,5894.9187867161545
2016-02-27,TX_1,HOUSEHOLD,HOUSEHOLD_1,5402,5585.607167715793
2016-03-05,TX_1,HOUSEHOLD,HOUSEHOLD_1,5184,5693.055434513936
2016-03-12,TX_1,HOUSEHOLD,HOUSEHOLD_1,5782,5604.693219478238
2016-03-19,TX_1,HOUSEHOLD,HOUSEHOLD_1,5393,5667.677722160928
2016-03-26,TX_1,HOUSEHOLD,HOUSEHOLD_1,5284,5762.675319723846
2016-04-02,TX_1,HOUSEHOLD,HOUSEHOLD_1,5421,5550.223007374725
2016-04-09,TX_1,HOUSEHOLD,HOUSEHOLD_1,4962,5500.068681814623
2016-04-16,TX_1,HOUSEHOLD,HOUSEHOLD_1,4930,5401.169577049896
2016-01-30,TX_1,HOUSEHOLD,HOUSEHOLD_2,1139,1060.9270772636853
2016-02-06,TX_1,HOUSEHOLD,HOUSEHOLD_2,1254,1125.2421055025982
2016-02-13,TX_1,HOUSEHOLD,HOUSEHOLD_2,1380,1169.1099962770106
2016-02-20,TX_1,HOUSEHOLD,HOUSEHOLD_2,1424,1086.7169571735974
2016-02-27,TX_1,HOUSEHOLD,HOUSEHOLD_2,1442,1168.5392746925856
2016-03-05,TX_1,HOUSEHOLD,HOUSEHOLD_2,1387,1209.3353165250594
2016-03-12,TX_1,HOUSEHOLD,HOUSEHOLD_2,1426,1181.281951123541
2016-03-19,TX_1,HOUSEHOLD,HOUSEHOLD_2,1470,1152.5692654861512
2016-03-26,TX_1,HOUSEHOLD,HOUSEHOLD_2,1471,1230.4665340358736
2016-04-02,TX_1,HOUSEHOLD,HOUSEHOLD_2,1418,1277.1333553851375
2016-04-09,TX_1,HOUSEHOLD,HOUSEHOLD_2,1319,1321.4409519335488
2016-04-16,TX_1,HOUSEHOLD,HOUSEHOLD_2,1240,1275.378317397531
2016-01-30,TX_2,FOODS,FOODS_1,1591,1781.9214635003227
2016-02-06,TX_2,FOODS,FOODS_1,2308,1910.3753291340247
2016-02-13,TX_2,FOODS,FOODS_1,1970,2306.7165286761724
2016-02-20,TX_2,FOODS,FOODS_1,1811,1927.3985556219418
2016-02-27,TX_2,FOODS,FOODS_1,1523,1860.646341603356
2016-03-05,TX_2,FOODS,FOODS_1,1781,1822.2092396294286
2016-03-12,TX_2,FOODS,FOODS_1,1698,1941.0588843037092
2016-03-19,TX_2,FOODS,FOODS_1,2072,1827.9335100802257
2016-03-26,TX_2,FOODS,FOODS_1,1973,1758.1460254058998
2016-04-02,TX_2,FOODS,FOODS_1,1620,2045.9379125892879
2016-04-09,TX_2,FOODS,FOODS_1,1570,2049.7208886187564
2016-04-16,TX_2,FOODS,FOODS_1,1613,1916.5394069585104
2016-01-30,TX_2,FOODS,FOODS_2,3234,2916.0012780229526
2016-02-06,TX_2,FOODS,FOODS_2,3512,3042.067660586514
2016-02-13,TX_2,FOODS,FOODS_2,3236,2910.7534584643267
2016-02-20,TX_2,FOODS,FOODS_2,2987,2664.2669608311803
2016-02-27,TX_2,FOODS,FOODS_2,2842,2862.389093254111
2016-03-05,TX_2,FOODS,FOODS_2,3197,3277.7792316735067
2016-03-12,TX_2,FOODS,FOODS_2,3311,3196.968991246874
2016-03-19,TX_2,FOODS,FOODS_2,2738,2698.695036101122
2016-03-26,TX_2,FOODS,FOODS_2,2559,2848.3898945432406
2016-04-02,TX_2,FOODS,FOODS_2,2965,3284.810631325333
2016-04-09,TX_2,FOODS,FOODS_2,3093,3234.8210997517886
2016-04-16,TX_2,FOODS,FOODS_2,2731,2879.9118060916767
2016-01-30,TX_2,FOODS,FOODS_3,12616,11995.916407649236
2016-02-06,TX_2,FOODS,FOODS_3,15014,13038.615817207134
2016-02-13,TX_2,FOODS,FOODS_3,14332,12937.058898821515
2016-02-20,TX_2,FOODS,FOODS_3,13867,12774.703185081196
2016-02-27,TX_2,FOODS,FOODS_3,13696,10946.33665276564
2016-03-05,TX_2,FOODS,FOODS_3,14171,12537.144065500148
2016-03-12,TX_2,FOODS,FOODS_3,14853,12777.797154882623
2016-03-19,TX_2,FOODS,FOODS_3,13929,11352.684174676167
2016-03-26,TX_2,FOODS,FOODS_3,13554,12116.228956126808
2016-04-02,TX_2,FOODS,FOODS_3,14078,13177.31634986268
2016-04-09,TX_2,FOODS,FOODS_3,13890,13513.428819099247
2016-04-16,TX_2,FOODS,FOODS_3,13362,13174.70137935654
2016-01-30,TX_2,HOBBIES,HOBBIES_1,2197,2056.9063406647183
2016-02-06,TX_2,HOBBIES,HOBBIES_1,2242,2208.75459412188
2016-02-13,TX_2,HOBBIES,HOBBIES_1,2117,2235.67385842053
2016-02-20,TX_2,HOBBIES,HOBBIES_1,2346,2216.7964040233073
2016-02-27,TX_2,HOBBIES,HOBBIES_1,2333,2233.7333649784255
2016-03-05,TX_2,HOBBIES,HOBBIES_1,2062,2255.6463839304424
2016-03-12,TX_2,HOBBIES,HOBBIES_1,2198,2175.4354208174927
2016-03-19,TX_2,HOBBIES,HOBBIES_1,2233,2252.7003119187775
2016-03-26,TX_2,HOBBIES,HOBBIES_1,2164,2123.3196785332607
2016-04-02,TX_2,HOBBIES,HOBBIES_1,2307,2176.643623385426
2016-04-09,TX_2,HOBBIES,HOBBIES_1,2504,2215.0811438700944
2016-04-16,TX_2,HOBBIES,HOBBIES_1,2327,2033.4826521055847
2016-01-30,TX_2,HOBBIES,HOBBIES_2,448,472.56412612427647
2016-02-06,TX_2,HOBBIES,HOBBIES_2,492,411.74532006445446
2016-02-13,TX_2,HOBBIES,HOBBIES_2,339,344.17067180193055
2016-02-20,TX_2,HOBBIES,HOBBIES_2,315,344.86501431617114
2016-02-27,TX_2,HOBBIES,HOBBIES_2,392,409.9369183662807
2016-03-05,TX_2,HOBBIES,HOBBIES_2,293,494.68553951627746
2016-03-12,TX_2,HOBBIES,HOBBIES_2,323,343.37764840576756
2016-03-19,TX_2,HOBBIES,HOBBIES_2,468,487.7656398384133
2016-03-26,TX_2,HOBBIES,HOBBIES_2,251,403.66120925337293
2016-04-02,TX_2,HOBBIES,HOBBIES_2,336,276.61049701384246
2016-04-09,TX_2,HOBBIES,HOBBIES_2,372,294.3975978785897
2016-04-16,TX_2,HOBBIES,HOBBIES_2,276,310.0631159695046
2016-01-30,TX_2,HOUSEHOLD,HOUSEHOLD_1,5815,5056.03535270391
2016-02-06,TX_2,HOUSEHOLD,HOUSEHOLD_1,6133,5179.261648068925
2016-02-13,TX_2,HOUSEHOLD,HOUSEHOLD_1,6263,5704.350468683227
2016-02-20,TX_2,HOUSEHOLD,HOUSEHOLD_1,6330,5653.556326091145
2016-02-27,TX_2,HOUSEHOLD,HOUSEHOLD_1,6063,5601.521494253952
2016-03-05,TX_2,HOUSEHOLD,HOUSEHOLD_1,6162,5917.175054692059
2016-03-12,TX_2,HOUSEHOLD,HOUSEHOLD_1,5888,5675.61397790845
2016-03-19,TX_2,HOUSEHOLD,HOUSEHOLD_1,5775,5789.623473857363
2016-03-26,TX_2,HOUSEHOLD,HOUSEHOLD_1,5206,5878.203371228253
2016-04-02,TX_2,HOUSEHOLD,HOUSEHOLD_1,5675,5846.921201234577
2016-04-09,TX_2,HOUSEHOLD,HOUSEHOLD_1,5441,5832.740938404392
2016-04-16,TX_2,HOUSEHOLD,HOUSEHOLD_1,5511,5700.719698356467
2016-01-30,TX_2,HOUSEHOLD,HOUSEHOLD_2,1245,1229.140754724861
2016-02-06,TX_2,HOUSEHOLD,HOUSEHOLD_2,1553,1335.8734733543392
2016-02-13,TX_2,HOUSEHOLD,HOUSEHOLD_2,1519,1364.9768542879915
2016-02-20,TX_2,HOUSEHOLD,HOUSEHOLD_2,1557,1397.3311570390729
2016-02-27,TX_2,HOUSEHOLD,HOUSEHOLD_2,1450,1407.8592780655213
2016-03-05,TX_2,HOUSEHOLD,HOUSEHOLD_2,1432,1483.5495139421482
2016-03-12,TX_2,HOUSEHOLD,HOUSEHOLD_2,1484,1476.8696723299836
2016-03-19,TX_2,HOUSEHOLD,HOUSEHOLD_2,1431,1438.3568555103152
2016-03-26,TX_2,HOUSEHOLD,HOUSEHOLD_2,1342,1470.541029241274
2016-04-02,TX_2,HOUSEHOLD,HOUSEHOLD_2,1395,1456.4763705706896
2016-04-09,TX_2,HOUSEHOLD,HOUSEHOLD_2,1598,1466.1561969400161
2016-04-16,TX_2,HOUSEHOLD,HOUSEHOLD_2,1423,1465.0382667980834
2016-01-30,TX_3,FOODS,FOODS_1,1931,1974.4402587135833
2016-02-06,TX_3,FOODS,FOODS_1,2320,2258.399163655211
2016-02-13,TX_3,FOODS,FOODS_1,2144,2378.2134700331076
2016-02-20,TX_3,FOODS,FOODS_1,1961,2003.9138733282648
2016-02-27,TX_3,FOODS,FOODS_1,1983,2036.4447198896244
2016-03-05,TX_3,FOODS,FOODS_1,1853,1976.7897531449266
2016-03-12,TX_3,FOODS,FOODS_1,1740,2101.0274893223504
2016-03-19,TX_3,FOODS,FOODS_1,2050,2065.328568880501
2016-03-26,TX_3,FOODS,FOODS_1,2271,2120.1057577904344
2016-04-02,TX_3,FOODS,FOODS_1,1912,2141.7383606480284
2016-04-09,TX_3,FOODS,FOODS_1,1951,2153.4861582960234
2016-04-16,TX_3,FOODS,FOODS_1,1772,2062.564380538373
2016-01-30,TX_3,FOODS,FOODS_2,3645,3495.1125930738035
2016-02-06,TX_3,FOODS,FOODS_2,3712,3634.679962802871
2016-02-13,TX_3,FOODS,FOODS_2,3807,3325.0153870092413
2016-02-20,TX_3,FOODS,FOODS_2,2897,2899.746146172244
2016-02-27,TX_3,FOODS,FOODS_2,3381,3345.299430088254
2016-03-05,TX_3,FOODS,FOODS_2,4169,3669.4975870179524
2016-03-12,TX_3,FOODS,FOODS_2,3646,3583.7606247262124
2016-03-19,TX_3,FOODS,FOODS_2,3160,2836.670937110104
2016-03-26,TX_3,FOODS,FOODS_2,2945,3070.8395126713
2016-04-02,TX_3,FOODS,FOODS_2,3695,3660.0155416683124
2016-04-09,TX_3,FOODS,FOODS_2,4079,3689.2500396658957
2016-04-16,TX_3,FOODS,FOODS_2,3301,3185.1202565842846
2016-01-30,TX_3,FOODS,FOODS_3,11873,10239.180751921958
2016-02-06,TX_3,FOODS,FOODS_3,13378,11493.441913410777
2016-02-13,TX_3,FOODS,FOODS_3,12050,11305.75584560602
2016-02-20,TX_3,FOODS,FOODS_3,10941,9938.969122066157
2016-02-27,TX_3,FOODS,FOODS_3,11704,9978.032095063249
2016-03-05,TX_3,FOODS,FOODS_3,11888,10795.221782607861
2016-03-12,TX_3,FOODS,FOODS_3,12529,10874.989740200997
2016-03-19,TX_3,FOODS,FOODS_3,11881,9889.67721952763
2016-03-26,TX_3,FOODS,FOODS_3,11318,10353.973213915751
2016-04-02,TX_3,FOODS,FOODS_3,11858,11193.284159139639
2016-04-09,TX_3,FOODS,FOODS_3,12442,12083.991411471983
2016-04-16,TX_3,FOODS,FOODS_3,11909,11540.357802943443
2016-01-30,TX_3,HOBBIES,HOBBIES_1,2725,2348.5461079820625
2016-02-06,TX_3,HOBBIES,HOBBIES_1,2481,2329.1982806720434
2016-02-13,TX_3,HOBBIES,HOBBIES_1,2566,2399.0234075520852
2016-02-20,TX_3,HOBBIES,HOBBIES_1,2436,2376.3914286759186
2016-02-27,TX_3,HOBBIES,HOBBIES_1,2254,2404.2711041790017
2016-03-05,TX_3,HOBBIES,HOBBIES_1,2074,2357.7043958177674
2016-03-12,TX_3,HOBBIES,HOBBIES_1,2325,2282.8209188838946
2016-03-19,TX_3,HOBBIES,HOBBIES_1,2444,2209.4401258189796
2016-03-26,TX_3,HOBBIES,HOBBIES_1,2346,2391.607396642491
2016-04-02,TX_3,HOBBIES,HOBBIES_1,2437,2293.8218713847173
2016-04-09,TX_3,HOBBIES,HOBBIES_1,2534,2363.1809372490256
2016-04-16,TX_3,HOBBIES,HOBBIES_1,2318,2328.0073967598246
2016-01-30,TX_3,HOBBIES,HOBBIES_2,415,476.6582419532917
2016-02-06,TX_3,HOBBIES,HOBBIES_2,331,500.63828945982254
2016-02-13,TX_3,HOBBIES,HOBBIES_2,289,509.26025729927045
2016-02-20,TX_3,HOBBIES,HOBBIES_2,343,340.3318935989523
2016-02-27,TX_3,HOBBIES,HOBBIES_2,300,502.7644967613246
2016-03-05,TX_3,HOBBIES,HOBBIES_2,271,415.04114379052044
2016-03-12,TX_3,HOBBIES,HOBBIES_2,255,415.04114379052044
2016-03-19,TX_3,HOBBIES,HOBBIES_2,338,494.3572311730565
2016-03-26,TX_3,HOBBIES,HOBBIES_2,356,339.12008910967825
2016-04-02,TX_3,HOBBIES,HOBBIES_2,437,295.78012422581196
2016-04-09,TX_3,HOBBIES,HOBBIES_2,409,448.65228670990234
2016-04-16,TX_3,HOBBIES,HOBBIES_2,446,425.29363508699845
2016-01-30,TX_3,HOUSEHOLD,HOUSEHOLD_1,5636,5439.456890224423
2016-02-06,TX_3,HOUSEHOLD,HOUSEHOLD_1,5814,5637.710382130229
2016-02-13,TX_3,HOUSEHOLD,HOUSEHOLD_1,5555,6115.32265395616
2016-02-20,TX_3,HOUSEHOLD,HOUSEHOLD_1,6173,6224.589692489469
2016-02-27,TX_3,HOUSEHOLD,HOUSEHOLD_1,6028,6158.751025646623
2016-03-05,TX_3,HOUSEHOLD,HOUSEHOLD_1,5681,5929.372451698971
2016-03-12,TX_3,HOUSEHOLD,HOUSEHOLD_1,5763,5985.129954662538
2016-03-19,TX_3,HOUSEHOLD,HOUSEHOLD_1,5278,5924.257522303853
2016-03-26,TX_3,HOUSEHOLD,HOUSEHOLD_1,5136,6232.6291947074615
2016-04-02,TX_3,HOUSEHOLD,HOUSEHOLD_1,5705,6245.538307583612
2016-04-09,TX_3,HOUSEHOLD,HOUSEHOLD_1,5142,5937.928923803136
2016-04-16,TX_3,HOUSEHOLD,HOUSEHOLD_1,5320,5822.2647430646275
2016-01-30,TX_3,HOUSEHOLD,HOUSEHOLD_2,1131,1083.750549260898
2016-02-06,TX_3,HOUSEHOLD,HOUSEHOLD_2,1300,1138.5571571021835
2016-02-13,TX_3,HOUSEHOLD,HOUSEHOLD_2,1219,1248.398071973419
2016-02-20,TX_3,HOUSEHOLD,HOUSEHOLD_2,1207,1251.2612861855382
2016-02-27,TX_3,HOUSEHOLD,HOUSEHOLD_2,1249,1271.911660379209
2016-03-05,TX_3,HOUSEHOLD,HOUSEHOLD_2,1164,1314.3765044337872
2016-03-12,TX_3,HOUSEHOLD,HOUSEHOLD_2,1140,1288.8762544671206
2016-03-19,TX_3,HOUSEHOLD,HOUSEHOLD_2,1212,1184.0905391123774
2016-03-26,TX_3,HOUSEHOLD,HOUSEHOLD_2,1163,1222.1643067722703
2016-04-02,TX_3,HOUSEHOLD,HOUSEHOLD_2,1251,1224.9408467393273
2016-04-09,TX_3,HOUSEHOLD,HOUSEHOLD_2,1258,1181.1428306815242
2016-04-16,TX_3,HOUSEHOLD,HOUSEHOLD_2,1185,1183.0176250170607
2016-01-30,WI_1,FOODS,FOODS_1,2089,1945.9725462421459
2016-02-06,WI_1,FOODS,FOODS_1,1966,2258.441270022381
2016-02-13,WI_1,FOODS,FOODS_1,2369,2550.2481471133783
2016-02-20,WI_1,FOODS,FOODS_1,2027,2151.2285514427235
2016-02-27,WI_1,FOODS,FOODS_1,1913,2250.5168224227723
2016-03-05,WI_1,FOODS,FOODS_1,2209,2257.3001648717154
2016-03-12,WI_1,FOODS,FOODS_1,2057,2412.99509452907
2016-03-19,WI_1,FOODS,FOODS_1,2568,2199.923281846336
2016-03-26,WI_1,FOODS,FOODS_1,2349,2107.025475247974
2016-04-02,WI_1,FOODS,FOODS_1,1977,2176.9089961608324
2016-04-09,WI_1,FOODS,FOODS_1,2319,2091.7464223308884
2016-04-16,WI_1,FOODS,FOODS_1,2150,2047.4679369523926
2016-01-30,WI_1,FOODS,FOODS_2,4703,4208.993801252647
2016-02-06,WI_1,FOODS,FOODS_2,5078,4101.8415327789
2016-02-13,WI_1,FOODS,FOODS_2,4937,4334.568658752642
2016-02-20,WI_1,FOODS,FOODS_2,4417,3793.307044030573
2016-02-27,WI_1,FOODS,FOODS_2,4738,4239.813844501791
2016-03-05,WI_1,FOODS,FOODS_2,4861,4384.067541298622
2016-03-12,WI_1,FOODS,FOODS_2,4832,4170.912852425814
2016-03-19,WI_1,FOODS,FOODS_2,4485,3951.2574855991456
2016-03-26,WI_1,FOODS,FOODS_2,4137,3993.5412849629492
2016-04-02,WI_1,FOODS,FOODS_2,5012,4241.636489076146
2016-04-09,WI_1,FOODS,FOODS_2,5264,4294.423853968094
2016-04-16,WI_1,FOODS,FOODS_2,4223,3894.3912184073934
2016-01-30,WI_1,FOODS,FOODS_3,11538,11434.415491157937
2016-02-06,WI_1,FOODS,FOODS_3,12169,11002.707727379388
2016-02-13,WI_1,FOODS,FOODS_3,11712,11028.760375622676
2016-02-20,WI_1,FOODS,FOODS_3,11260,10265.13074088151
2016-02-27,WI_1,FOODS,FOODS_3,11368,10825.441599627962
2016-03-05,WI_1,FOODS,FOODS_3,12044,10789.789568447555
2016-03-12,WI_1,FOODS,FOODS_3,11660,10902.463928223544
2016-03-19,WI_1,FOODS,FOODS_3,11667,10577.217804576161
2016-03-26,WI_1,FOODS,FOODS_3,10823,10125.397779119114
2016-04-02,WI_1,FOODS,FOODS_3,11465,10669.54876150158
2016-04-09,WI_1,FOODS,FOODS_3,12362,11201.194642930788
2016-04-16,WI_1,FOODS,FOODS_3,12105,10648.39535847787
2016-01-30,WI_1,HOBBIES,HOBBIES_1,2750,2660.950435461534
2016-02-06,WI_1,HOBBIES,HOBBIES_1,2689,2810.220194705539
2016-02-13,WI_1,HOBBIES,HOBBIES_1,2548,2679.4241693840386
2016-02-20,WI_1,HOBBIES,HOBBIES_1,2577,2561.2317906152707
2016-02-27,WI_1,HOBBIES,HOBBIES_1,2726,2661.369165565554
2016-03-05,WI_1,HOBBIES,HOBBIES_1,2637,2694.1312779120067
2016-03-12,WI_1,HOBBIES,HOBBIES_1,2431,2633.597124065814
2016-03-19,WI_1,HOBBIES,HOBBIES_1,2837,2721.2017599680075
2016-03-26,WI_1,HOBBIES,HOBBIES_1,2550,2749.4123088504875
2016-04-02,WI_1,HOBBIES,HOBBIES_1,2800,2693.4669054108526
2016-04-09,WI_1,HOBBIES,HOBBIES_1,2670,2633.691126360507
2016-04-16,WI_1,HOBBIES,HOBBIES_1,2697,2603.9340761128724
2016-01-30,WI_1,HOBBIES,HOBBIES_2,199,320.75175603434866
2016-02-06,WI_1,HOBBIES,HOBBIES_2,200,304.8409543593204
2016-02-13,WI_1,HOBBIES,HOBBIES_2,202,234.7965938649252
2016-02-20,WI_1,HOBBIES,HOBBIES_2,214,286.67145195598533
2016-02-27,WI_1,HOBBIES,HOBBIES_2,222,332.50207731194604
2016-03-05,WI_1,HOBBIES,HOBBIES_2,214,285.18408604558175
2016-03-12,WI_1,HOBBIES,HOBBIES_2,220,331.01471140154246
2016-03-19,WI_1,HOBBIES,HOBBIES_2,209,334.10655089094996
2016-03-26,WI_1,HOBBIES,HOBBIES_2,219,282.1715469990699
2016-04-02,WI_1,HOBBIES,HOBBIES_2,244,232.08867334844243
2016-04-09,WI_1,HOBBIES,HOBBIES_2,222,263.39812498919053
2016-04-16,WI_1,HOBBIES,HOBBIES_2,206,243.0740517056791
2016-01-30,WI_1,HOUSEHOLD,HOUSEHOLD_1,4066,4317.1228852449985
2016-02-06,WI_1,HOUSEHOLD,HOUSEHOLD_1,4050,4374.983598624826
2016-02-13,WI_1,HOUSEHOLD,HOUSEHOLD_1,4285,4659.500677429887
2016-02-20,WI_1,HOUSEHOLD,HOUSEHOLD_1,4271,4802.198852094432
2016-02-27,WI_1,HOUSEHOLD,HOUSEHOLD_1,4359,4768.4497552590165
2016-03-05,WI_1,HOUSEHOLD,HOUSEHOLD_1,4049,4552.657706173128
2016-03-12,WI_1,HOUSEHOLD,HOUSEHOLD_1,3839,4291.649002461057
2016-03-19,WI_1,HOUSEHOLD,HOUSEHOLD_1,3982,4137.898016228326
2016-03-26,WI_1,HOUSEHOLD,HOUSEHOLD_1,4215,4468.103574985051
2016-04-02,WI_1,HOUSEHOLD,HOUSEHOLD_1,4284,4338.999328859903
2016-04-09,WI_1,HOUSEHOLD,HOUSEHOLD_1,4236,4324.381070719467
2016-04-16,WI_1,HOUSEHOLD,HOUSEHOLD_1,3938,4002.5705183155364
2016-01-30,WI_1,HOUSEHOLD,HOUSEHOLD_2,1069,1089.5653185347921
2016-02-06,WI_1,HOUSEHOLD,HOUSEHOLD_2,1122,1209.978451783189
2016-02-13,WI_1,HOUSEHOLD,HOUSEHOLD_2,1059,1239.1490123573078
2016-02-20,WI_1,HOUSEHOLD,HOUSEHOLD_2,1146,1305.0211818467228
2016-02-27,WI_1,HOUSEHOLD,HOUSEHOLD_2,1160,1321.817649964905
2016-03-05,WI_1,HOUSEHOLD,HOUSEHOLD_2,1128,1297.9243508203174
2016-03-12,WI_1,HOUSEHOLD,HOUSEHOLD_2,1144,1250.3411714721922
2016-03-19,WI_1,HOUSEHOLD,HOUSEHOLD_2,1202,1242.2238219010771
2016-03-26,WI_1,HOUSEHOLD,HOUSEHOLD_2,1138,1237.7678507731305
2016-04-02,WI_1,HOUSEHOLD,HOUSEHOLD_2,1256,1151.2202878475798
2016-04-09,WI_1,HOUSEHOLD,HOUSEHOLD_2,1257,1185.0089270135256
2016-04-16,WI_1,HOUSEHOLD,HOUSEHOLD_2,1217,1211.487252005643
2016-01-30,WI_2,FOODS,FOODS_1,2214,2202.6235824670557
2016-02-06,WI_2,FOODS,FOODS_1,2551,2524.1335062112016
2016-02-13,WI_2,FOODS,FOODS_1,2029,2698.261187976711
2016-02-20,WI_2,FOODS,FOODS_1,2101,2172.6524216234034
2016-02-27,WI_2,FOODS,FOODS_1,2856,2298.862834850015
2016-03-05,WI_2,FOODS,FOODS_1,2637,2305.4039109602236
2016-03-12,WI_2,FOODS,FOODS_1,2699,2258.1833275725626
2016-03-19,WI_2,FOODS,FOODS_1,2763,2201.0896766727956
2016-03-26,WI_2,FOODS,FOODS_1,2219,2123.7684949250665
2016-04-02,WI_2,FOODS,FOODS_1,2857,2304.6021065068176
2016-04-09,WI_2,FOODS,FOODS_1,2926,2328.2410033070128
2016-04-16,WI_2,FOODS,FOODS_1,2583,2192.277405132291
2016-01-30,WI_2,FOODS,FOODS_2,7711,6535.338334410627
2016-02-06,WI_2,FOODS,FOODS_2,9178,6981.941015139727
2016-02-13,WI_2,FOODS,FOODS_2,8313,6059.310874363775
2016-02-20,WI_2,FOODS,FOODS_2,5411,4264.288326936612
2016-02-27,WI_2,FOODS,FOODS_2,6712,6555.342963078809
2016-03-05,WI_2,FOODS,FOODS_2,9621,8080.78804619349
2016-03-12,WI_2,FOODS,FOODS_2,8914,7212.505411196706
2016-03-19,WI_2,FOODS,FOODS_2,6472,5001.949160291813
2016-03-26,WI_2,FOODS,FOODS_2,5384,5741.296179097497
2016-04-02,WI_2,FOODS,FOODS_2,10514,8631.611153586713
2016-04-09,WI_2,FOODS,FOODS_2,11089,8282.265457978654
2016-04-16,WI_2,FOODS,FOODS_2,6699,6005.18430478992
2016-01-30,WI_2,FOODS,FOODS_3,15274,13433.929369937938
2016-02-06,WI_2,FOODS,FOODS_3,17367,15455.905148668196
2016-02-13,WI_2,FOODS,FOODS_3,18332,13936.067593012329
2016-02-20,WI_2,FOODS,FOODS_3,14342,11018.568703953295
2016-02-27,WI_2,FOODS,FOODS_3,14894,12286.442626464594
2016-03-05,WI_2,FOODS,FOODS_3,17741,13755.589199844158
2016-03-12,WI_2,FOODS,FOODS_3,17871,14208.90188121474
2016-03-19,WI_2,FOODS,FOODS_3,14047,10396.041987201263
2016-03-26,WI_2,FOODS,FOODS_3,13811,11233.917253934891
2016-04-02,WI_2,FOODS,FOODS_3,19026,14479.340969985018
2016-04-09,WI_2,FOODS,FOODS_3,18704,14761.58148950593
2016-04-16,WI_2,FOODS,FOODS_3,15040,11594.072972787799
2016-01-30,WI_2,HOBBIES,HOBBIES_1,1800,1639.729337756972
2016-02-06,WI_2,HOBBIES,HOBBIES_1,1795,1686.4147524406828
2016-02-13,WI_2,HOBBIES,HOBBIES_1,1677,1729.6183327364765
2016-02-20,WI_2,HOBBIES,HOBBIES_1,1634,1676.502079295323
2016-02-27,WI_2,HOBBIES,HOBBIES_1,1984,1727.0349840013569
2016-03-05,WI_2,HOBBIES,HOBBIES_1,1849,1714.9965774908192
2016-03-12,WI_2,HOBBIES,HOBBIES_1,1700,1635.2638337627761
2016-03-19,WI_2,HOBBIES,HOBBIES_1,1600,1572.453632182683
2016-03-26,WI_2,HOBBIES,HOBBIES_1,1861,1619.758854930203
2016-04-02,WI_2,HOBBIES,HOBBIES_1,1816,1633.6475464660882
2016-04-09,WI_2,HOBBIES,HOBBIES_1,1715,1607.1168869999262
2016-04-16,WI_2,HOBBIES,HOBBIES_1,1821,1562.441953940441
2016-01-30,WI_2,HOBBIES,HOBBIES_2,256,264.16887658261606
2016-02-06,WI_2,HOBBIES,HOBBIES_2,230,282.71931414498175
2016-02-13,WI_2,HOBBIES,HOBBIES_2,207,185.41691612426828
2016-02-20,WI_2,HOBBIES,HOBBIES_2,188,200.02658667757962
2016-02-27,WI_2,HOBBIES,HOBBIES_2,155,215.01428772026398
2016-03-05,WI_2,HOBBIES,HOBBIES_2,208,282.59817348238033
2016-03-12,WI_2,HOBBIES,HOBBIES_2,234,282.59817348238033
2016-03-19,WI_2,HOBBIES,HOBBIES_2,210,214.30110178333084
2016-03-26,WI_2,HOBBIES,HOBBIES_2,211,188.98524330661152
2016-04-02,WI_2,HOBBIES,HOBBIES_2,236,185.5080847566615
2016-04-09,WI_2,HOBBIES,HOBBIES_2,226,184.34678069633557
2016-04-16,WI_2,HOBBIES,HOBBIES_2,225,167.32643364819072
2016-01-30,WI_2,HOUSEHOLD,HOUSEHOLD_1,9007,7677.624062637862
2016-02-06,WI_2,HOUSEHOLD,HOUSEHOLD_1,8116,6064.176022585791
2016-02-13,WI_2,HOUSEHOLD,HOUSEHOLD_1,8022,6174.631046062019
2016-02-20,WI_2,HOUSEHOLD,HOUSEHOLD_1,7946,6928.776797659195
2016-02-27,WI_2,HOUSEHOLD,HOUSEHOLD_1,8569,7536.579131629576
2016-03-05,WI_2,HOUSEHOLD,HOUSEHOLD_1,7178,6763.348544950792
2016-03-12,WI_2,HOUSEHOLD,HOUSEHOLD_1,6848,6296.358039209238
2016-03-19,WI_2,HOUSEHOLD,HOUSEHOLD_1,6422,6172.151295304209
2016-03-26,WI_2,HOUSEHOLD,HOUSEHOLD_1,7184,7680.4811807657425
2016-04-02,WI_2,HOUSEHOLD,HOUSEHOLD_1,7365,7233.014323021809
2016-04-09,WI_2,HOUSEHOLD,HOUSEHOLD_1,6478,6055.26287222391
2016-04-16,WI_2,HOUSEHOLD,HOUSEHOLD_1,6202,5852.11612314472
2016-01-30,WI_2,HOUSEHOLD,HOUSEHOLD_2,1025,849.6574491549371
2016-02-06,WI_2,HOUSEHOLD,HOUSEHOLD_2,1096,998.6201711885997
2016-02-13,WI_2,HOUSEHOLD,HOUSEHOLD_2,1140,901.0655334855002
2016-02-20,WI_2,HOUSEHOLD,HOUSEHOLD_2,1179,923.0519909598081
2016-02-27,WI_2,HOUSEHOLD,HOUSEHOLD_2,1107,948.884638625203
2016-03-05,WI_2,HOUSEHOLD,HOUSEHOLD_2,1063,901.9040277959328
2016-03-12,WI_2,HOUSEHOLD,HOUSEHOLD_2,990,900.107440391835
2016-03-19,WI_2,HOUSEHOLD,HOUSEHOLD_2,918,881.3371031379985
2016-03-26,WI_2,HOUSEHOLD,HOUSEHOLD_2,894,910.5873838113574
2016-04-02,WI_2,HOUSEHOLD,HOUSEHOLD_2,1078,919.1814440275443
2016-04-09,WI_2,HOUSEHOLD,HOUSEHOLD_2,993,917.3122676745189
2016-04-16,WI_2,HOUSEHOLD,HOUSEHOLD_2,961,876.6279514997552
2016-01-30,WI_3,FOODS,FOODS_1,1520,1696.510107816471
2016-02-06,WI_3,FOODS,FOODS_1,2707,1948.1918306008563
2016-02-13,WI_3,FOODS,FOODS_1,2293,2209.3486225572533
2016-02-20,WI_3,FOODS,FOODS_1,1637,1916.445212922235
2016-02-27,WI_3,FOODS,FOODS_1,1818,1932.9616599776782
2016-03-05,WI_3,FOODS,FOODS_1,1928,1921.4126655969853
2016-03-12,WI_3,FOODS,FOODS_1,1786,2001.920736507843
2016-03-19,WI_3,FOODS,FOODS_1,1548,1851.106867419541
2016-03-26,WI_3,FOODS,FOODS_1,1824,1813.622318709776
2016-04-02,WI_3,FOODS,FOODS_1,1870,1887.197930556883
2016-04-09,WI_3,FOODS,FOODS_1,1530,1873.1751778698501
2016-04-16,WI_3,FOODS,FOODS_1,1515,1853.7775560251737
2016-01-30,WI_3,FOODS,FOODS_2,3806,3198.3928832082393
2016-02-06,WI_3,FOODS,FOODS_2,4506,3609.7041235192196
2016-02-13,WI_3,FOODS,FOODS_2,4127,3317.06628099403
2016-02-20,WI_3,FOODS,FOODS_2,3048,2542.2375237529427
2016-02-27,WI_3,FOODS,FOODS_2,3552,3178.015609901288
2016-03-05,WI_3,FOODS,FOODS_2,4634,3698.5958598488232
2016-03-12,WI_3,FOODS,FOODS_2,4335,3350.9630830951264
2016-03-19,WI_3,FOODS,FOODS_2,3592,2652.3596845786165
2016-03-26,WI_3,FOODS,FOODS_2,3089,2833.1905891142587
2016-04-02,WI_3,FOODS,FOODS_2,4961,3544.4488298108977
2016-04-09,WI_3,FOODS,FOODS_2,4910,3409.1326365128007
2016-04-16,WI_3,FOODS,FOODS_2,3585,2601.726802876288
2016-01-30,WI_3,FOODS,FOODS_3,13845,12859.810503098324
2016-02-06,WI_3,FOODS,FOODS_3,15854,13084.04188420509
2016-02-13,WI_3,FOODS,FOODS_3,14827,12585.150875753427
2016-02-20,WI_3,FOODS,FOODS_3,12929,11196.257992179962
2016-02-27,WI_3,FOODS,FOODS_3,13767,11014.52990136618
2016-03-05,WI_3,FOODS,FOODS_3,15383,11638.178951274556
2016-03-12,WI_3,FOODS,FOODS_3,15173,12184.690170227796
2016-03-19,WI_3,FOODS,FOODS_3,12899,10738.046172978204
2016-03-26,WI_3,FOODS,FOODS_3,12898,10998.393044436902
2016-04-02,WI_3,FOODS,FOODS_3,14768,14116.827119425268
2016-04-09,WI_3,FOODS,FOODS_3,16069,12215.22569549828
2016-04-16,WI_3,FOODS,FOODS_3,13960,12538.867295552633
2016-01-30,WI_3,HOBBIES,HOBBIES_1,1715,1676.289736235816
2016-02-06,WI_3,HOBBIES,HOBBIES_1,1719,1797.2473905627623
2016-02-13,WI_3,HOBBIES,HOBBIES_1,1534,1751.8629180947426
2016-02-20,WI_3,HOBBIES,HOBBIES_1,1704,1742.4885199858659
2016-02-27,WI_3,HOBBIES,HOBBIES_1,1657,1758.1138876369364
2016-03-05,WI_3,HOBBIES,HOBBIES_1,1534,1744.5789200709003
2016-03-12,WI_3,HOBBIES,HOBBIES_1,1613,1682.3203638515129
2016-03-19,WI_3,HOBBIES,HOBBIES_1,1579,1706.7572159313115
2016-03-26,WI_3,HOBBIES,HOBBIES_1,1567,1734.0743258200241
2016-04-02,WI_3,HOBBIES,HOBBIES_1,1608,1763.5521551581942
2016-04-09,WI_3,HOBBIES,HOBBIES_1,1947,1647.8170218318626
2016-04-16,WI_3,HOBBIES,HOBBIES_1,1622,1668.2415150884415
2016-01-30,WI_3,HOBBIES,HOBBIES_2,226,182.3149051149728
2016-02-06,WI_3,HOBBIES,HOBBIES_2,266,228.31275762941766
2016-02-13,WI_3,HOBBIES,HOBBIES_2,225,210.47556159993047
2016-02-20,WI_3,HOBBIES,HOBBIES_2,150,200.32726573369828
2016-02-27,WI_3,HOBBIES,HOBBIES_2,183,214.84843944891057
2016-03-05,WI_3,HOBBIES,HOBBIES_2,208,196.23587803264647
2016-03-12,WI_3,HOBBIES,HOBBIES_2,236,196.23587803264647
2016-03-19,WI_3,HOBBIES,HOBBIES_2,223,179.99063609318608
2016-03-26,WI_3,HOBBIES,HOBBIES_2,193,193.88286636639467
2016-04-02,WI_3,HOBBIES,HOBBIES_2,239,172.97013962432285
2016-04-09,WI_3,HOBBIES,HOBBIES_2,241,148.0971338063065
2016-04-16,WI_3,HOBBIES,HOBBIES_2,233,171.01426277944958
2016-01-30,WI_3,HOUSEHOLD,HOUSEHOLD_1,5141,4219.924163430546
2016-02-06,WI_3,HOUSEHOLD,HOUSEHOLD_1,4632,4509.905686980372
2016-02-13,WI_3,HOUSEHOLD,HOUSEHOLD_1,4727,4886.054816545299
2016-02-20,WI_3,HOUSEHOLD,HOUSEHOLD_1,4596,4882.50546011899
2016-02-27,WI_3,HOUSEHOLD,HOUSEHOLD_1,5415,5041.134870457746
2016-03-05,WI_3,HOUSEHOLD,HOUSEHOLD_1,4786,4866.349115486691
2016-03-12,WI_3,HOUSEHOLD,HOUSEHOLD_1,4362,4584.178710418677
2016-03-19,WI_3,HOUSEHOLD,HOUSEHOLD_1,4181,4155.495106001616
2016-03-26,WI_3,HOUSEHOLD,HOUSEHOLD_1,4675,4526.488865292974
2016-04-02,WI_3,HOUSEHOLD,HOUSEHOLD_1,5031,4435.178830892074
2016-04-09,WI_3,HOUSEHOLD,HOUSEHOLD_1,4360,4589.557655833573
2016-04-16,WI_3,HOUSEHOLD,HOUSEHOLD_1,4486,4087.751354117205
2016-01-30,WI_3,HOUSEHOLD,HOUSEHOLD_2,1038,811.5560937596822
2016-02-06,WI_3,HOUSEHOLD,HOUSEHOLD_2,1059,872.1584393231955
2016-02-13,WI_3,HOUSEHOLD,HOUSEHOLD_2,1130,882.6095564146406
2016-02-20,WI_3,HOUSEHOLD,HOUSEHOLD_2,1175,923.9320381661005
2016-02-27,WI_3,HOUSEHOLD,HOUSEHOLD_2,1109,923.2405180487639
2016-03-05,WI_3,HOUSEHOLD,HOUSEHOLD_2,1128,901.8772665435173
2016-03-12,WI_3,HOUSEHOLD,HOUSEHOLD_2,1055,973.9068170767313
2016-03-19,WI_3,HOUSEHOLD,HOUSEHOLD_2,1013,957.6490857014812
2016-03-26,WI_3,HOUSEHOLD,HOUSEHOLD_2,1155,979.0298948598972
2016-04-02,WI_3,HOUSEHOLD,HOUSEHOLD_2,1131,1006.7484548975607
2016-04-09,WI_3,HOUSEHOLD,HOUSEHOLD_2,1135,980.9116746111979
2016-04-16,WI_3,HOUSEHOLD,HOUSEHOLD_2,1117,927.1266227886788
