ds,yhat,yhat_lower,yhat_upper,cat_id
2011-01-29,117667.90397695333,101454.47657629194,133758.2820963163,FOODS
2011-02-05,119035.55601773167,101519.9161201088,134922.1854230595,FOODS
2011-02-12,120631.61177884892,104609.4475402022,137757.52750577033,FOODS
2011-02-19,121093.52406715965,105663.39470421983,137046.79391394017,FOODS
2011-02-26,119792.87067336748,104194.61802190357,136816.29212990293,FOODS
2011-03-05,118121.91674002513,101209.03982507164,135168.69940077022,FOODS
2011-03-12,118184.36315184375,101218.82226946195,134225.76137786184,FOODS
2011-03-19,120356.96655324343,104182.97696275299,136551.38860459003,FOODS
2011-03-26,122741.63685642232,107451.07902703251,140984.8726848118,FOODS
2011-04-02,123260.07518327258,107115.33559743692,139736.7033614316,FOODS
2011-04-09,121889.56975094031,104195.15852124467,138227.83217537016,FOODS
2011-04-16,120408.19873822386,103309.74339229944,136769.09211169102,FOODS
2011-04-23,120150.77926264105,103629.50389145994,137005.1035298794,FOODS
2011-04-30,120682.02065812593,104006.58175516006,137110.02379704927,FOODS
2011-05-07,120958.64988738632,104257.74261724821,137786.60617819536,FOODS
2011-05-14,121268.40654674053,104908.61497380934,138426.89699294587,FOODS
2011-05-21,123246.87146826698,107553.49046075878,140848.2027360336,FOODS
2011-05-28,127820.45583085956,110651.99727936748,144672.88166659474,FOODS
2011-06-04,133681.6410542359,116424.11227685059,149321.2239733904,FOODS
2011-06-11,138304.11216628773,121537.73494684759,156495.49123453957,FOODS
2011-06-18,140332.39812928753,123001.05006252929,155532.46397529056,FOODS
2011-06-25,140515.40759619654,124465.76579058511,156709.60441942405,FOODS
2011-07-02,140286.38754400547,123396.71317379313,157189.31544998498,FOODS
2011-07-09,140050.43921768857,123759.2748946293,158253.33495430215,FOODS
2011-07-16,139381.26047752053,121425.03348068862,155813.611281182,FOODS
2011-07-23,138560.49486929367,122581.06785867689,155151.241807549,FOODS
2011-07-30,138976.41277431342,123129.19561802364,156103.2707172911,FOODS
2011-08-06,141469.85054607948,125848.59638592631,159259.70182446035,FOODS
2011-08-13,144734.48198225905,128662.89500676803,160296.7775220601,FOODS
2011-08-20,146221.09972323055,129505.12594603524,162540.34876454886,FOODS
2011-08-27,144918.11536728288,129671.24004424742,161083.72588159962,FOODS
2011-09-03,142721.42772838654,126536.5766709444,158378.50494088535,FOODS
2011-09-10,142469.03728526962,125096.87301047785,158317.19220690176,FOODS
2011-09-17,144702.32809566567,129387.49547222162,161031.48053585747,FOODS
2011-09-24,146938.23070360752,129436.9265484327,161753.58156426292,FOODS
2011-10-01,146400.00118476062,127980.60326331807,161576.41889294676,FOODS
2011-10-08,143076.35660080248,125312.93842485243,159140.8881193329,FOODS
2011-10-15,139603.46177467745,123778.80336226957,155674.84089321562,FOODS
2011-10-22,138253.77284895314,121568.36993518085,154115.74144348866,FOODS
2011-10-29,138656.7776360438,122192.1996909809,156045.78513475822,FOODS
2011-11-05,138777.22398675993,121938.28653176005,154726.51748524007,FOODS
2011-11-12,137645.50857707136,122229.4140680444,153599.67716213188,FOODS
2011-11-19,136389.75124238743,119906.06988483762,151909.97370583078,FOODS
2011-11-26,136505.0843922791,120753.45967517866,153553.28704753506,FOODS
2011-12-03,137819.19970811994,121169.58170675713,154573.43568131738,FOODS
2011-12-10,138822.4130530942,123431.68043934059,156936.23714043098,FOODS
2011-12-17,138830.40426563635,121847.8196268944,156066.47195125287,FOODS
2011-12-24,139058.25803871825,122564.40617779714,155127.77892307614,FOODS
2011-12-31,141148.51780727968,123685.36800747698,157702.87795156112,FOODS
2012-01-07,145034.67940876627,128602.55581285949,160942.88264679044,FOODS
2012-01-14,148887.38886448112,132503.73137939328,165551.72836516215,FOODS
2012-01-21,151198.0747344643,135440.74255464468,166788.8121391988,FOODS
2012-01-28,152325.44302100458,135870.32521541385,168395.16595194623,FOODS
2012-02-04,153590.38617982937,136228.5269511996,169642.7829895077,FOODS
2012-02-11,155229.3384444218,138412.08923326532,171817.45409154892,FOODS
2012-02-18,155990.55916265736,138564.81958885796,171386.08557525088,FOODS
2012-02-25,154958.73273663505,137883.70304785235,171995.24975092622,FOODS
2012-03-03,153186.0096125126,135928.03042265633,170410.83593187752,FOODS
2012-03-10,152836.85157831915,134811.56405971083,168366.07100776836,FOODS
2012-03-17,154693.03566446545,139299.18418142028,172064.23994868444,FOODS
2012-03-24,157195.74478465263,140415.98370616647,173414.6111893555,FOODS
2012-03-31,158093.2408392903,141088.70681951492,175317.27786469634,FOODS
2012-04-07,156927.27387111686,139595.5991910875,174597.07241720965,FOODS
2012-04-14,155294.8615508985,140396.28970916622,171528.8141407397,FOODS
2012-04-21,154772.30340327986,137625.24725013814,172059.15986839155,FOODS
2012-04-28,155221.81314659622,138519.43766366766,171766.33130438064,FOODS
2012-05-05,155547.9436505576,138936.17944551507,172155.75189420712,FOODS
2012-05-12,155564.20466103186,138321.57935405854,171150.79117100133,FOODS
2012-05-19,156938.42669483644,140723.9280022384,172756.81518243972,FOODS
2012-05-26,160891.5776911708,143936.7776578944,177260.6741063637,FOODS
2012-06-02,166517.9497494127,149953.4241761518,183666.02823867608,FOODS
2012-06-09,171335.651933624,153169.6721792743,188589.7270167914,FOODS
2012-06-16,173638.6365583731,156760.44660774694,189017.49529902326,FOODS
2012-06-23,173850.54614454636,157205.35858579673,190519.33184885138,FOODS
2012-06-30,173438.53733998156,157464.31938378557,190200.92605063424,FOODS
2012-07-07,173043.58291967257,157042.1979067528,190296.703202816,FOODS
2012-07-14,172089.65691357167,155760.11361630308,188013.00977937598,FOODS
2012-07-21,170833.5064085016,152443.99997400044,187418.93119073298,FOODS
2012-07-28,170541.1519875975,153962.2330495555,186710.42831849068,FOODS
2012-08-04,172311.8535907251,155608.79188744116,189002.267131373,FOODS
2012-08-11,175243.14610780403,158265.44041614266,190944.12993100428,FOODS
2012-08-18,176821.3292437194,160129.84076059447,193067.15299198253,FOODS
2012-08-25,175573.8903116686,159351.90505708542,192283.33977064645,FOODS
2012-09-01,172929.7193820462,155865.5277812942,189683.10099152164,FOODS
2012-09-08,171678.6922301339,153811.4965956511,188407.897452474,FOODS
2012-09-15,173070.30068929796,155826.95588123958,189282.27525014846,FOODS
2012-09-22,175037.94764835684,158058.61152742145,192196.48123915677,FOODS
2012-09-29,174584.06597194518,157154.99202164778,190866.01751781433,FOODS
2012-10-06,171096.645159889,155129.43296851477,188111.18635486648,FOODS
2012-10-13,166914.72466230232,150294.9223470932,184129.83288909128,FOODS
2012-10-20,164616.6998111657,148815.24574827807,181249.38153778788,FOODS
2012-10-27,164330.04069967376,147328.1575420535,181205.51822830777,FOODS
2012-11-03,164057.2280446237,147999.97549984205,180269.19349428554,FOODS
2012-11-10,162539.87046367282,146581.95432304416,180112.7736697526,FOODS
2012-11-17,160595.87203974492,143573.65079198914,175831.68901457248,FOODS
2012-11-24,159841.69846953376,142031.94945047575,175859.0013329697,FOODS
2012-12-01,160462.11739179623,144935.96424401412,177058.27182626276,FOODS
2012-12-08,161046.46372037113,144217.49055666907,177000.80147813712,FOODS
2012-12-15,160614.98922292388,144645.01628419865,177107.33690028757,FOODS
2012-12-22,160085.67720498054,144134.20654677303,177501.27131672896,FOODS
2012-12-29,161178.42552846446,146031.43572246208,177924.1496048677,FOODS
2013-01-05,164244.61927286373,146703.3671535929,180258.34657792206,FOODS
2013-01-12,167651.8968694983,152129.33791424832,184085.60111972992,FOODS
2013-01-19,169665.01591632963,153076.43804749174,185660.20203484807,FOODS
2013-01-26,170303.08293380428,154095.32361586377,186786.5709887967,FOODS
2013-02-02,170871.00135876882,154203.2146392432,187380.1751612469,FOODS
2013-02-09,171904.0431275371,154471.3921106408,188181.52576729193,FOODS
2013-02-16,172327.04140620327,156854.9325771027,188125.2854254075,FOODS
2013-02-23,170997.01082783059,154388.27261619832,186672.24417334795,FOODS
2013-03-02,168593.87715617608,151634.24245344076,185821.72193280116,FOODS
2013-03-09,167256.95398539287,151919.4526452199,182642.0147090637,FOODS
2013-03-16,168194.1859060062,150672.473797467,184741.1932080211,FOODS
2013-03-23,170189.0206147766,153486.1259506728,186404.95845919003,FOODS
2013-03-30,170903.69402919893,154205.72718888873,186045.9618109395,FOODS
2013-04-06,169453.1665377757,153544.22565234604,185487.5080784695,FOODS
2013-04-13,167178.68067222944,149859.4819607221,182674.4530478373,FOODS
2013-04-20,165837.58581723526,149971.2982608932,183756.6292192517,FOODS
2013-04-27,165607.21026058524,149237.56749503713,180547.7723366853,FOODS
2013-05-04,165423.55413574644,148518.77380239233,181195.42814064558,FOODS
2013-05-11,164957.21808287015,148924.3542887383,180906.72472000093,FOODS
2013-05-18,165528.9055106897,149334.16640149418,182670.93830249066,FOODS
2013-05-25,168588.0881363115,152119.57486319428,185129.51369502922,FOODS
2013-06-01,173650.26382871764,158125.3430813193,190792.5155702409,FOODS
2013-06-08,178361.71488255358,162100.42631071206,195037.42405928957,FOODS
2013-06-15,180713.44665563526,163658.88517591424,197408.83655811293,FOODS
2013-06-22,180762.65000653843,163956.76441639327,198024.19686470472,FOODS
2013-06-29,179944.3200197717,162979.63455507503,196441.57623375888,FOODS
2013-07-06,179129.0721195351,162400.47656911734,195028.6041719619,FOODS
2013-07-13,178032.9577362288,162192.90843004955,193828.69030766524,FOODS
2013-07-20,176529.15942774568,159990.96585189633,193790.93300182442,FOODS
2013-07-27,175712.61866761834,158506.4114688988,193800.77851464372,FOODS
2013-08-03,176873.98323891664,159310.89522120813,194290.84410824956,FOODS
2013-08-10,179526.79386693492,162742.25165492046,196677.02658705646,FOODS
2013-08-17,181271.3904848388,164168.96840468346,197856.12276042986,FOODS
2013-08-24,180256.90661846023,163956.05222466376,196392.9973692587,FOODS
2013-08-31,177396.2461653296,159847.76417099347,193304.21158602735,FOODS
2013-09-07,175580.88831766165,159597.98943623994,192680.46744534548,FOODS
2013-09-14,176452.48739954463,159470.1707356168,192535.5470366411,FOODS
2013-09-21,178440.5913519716,160994.99813664766,196087.4033745515,FOODS
2013-09-28,178444.31816711833,162468.62821996651,194473.60320252803,FOODS
2013-10-05,175270.53884801548,158985.4459821521,192802.02495911924,FOODS
2013-10-12,170864.47239689823,153771.15313009112,188094.36796873473,FOODS
2013-10-19,168011.5408186966,150983.26628719535,184647.87025259208,FOODS
2013-10-26,167355.9092150127,150880.38655138726,184568.0576661347,FOODS
2013-11-02,167160.3480084251,151020.81896694575,183002.51266305128,FOODS
2013-11-09,165805.0556536307,149875.44131460565,182089.0942217258,FOODS
2013-11-16,163748.68240616308,146497.05608569793,180690.73220572463,FOODS
2013-11-23,162648.665876792,146156.3608561781,179137.43779395553,FOODS
2013-11-30,163041.30466268247,145938.85965219655,179115.32278909447,FOODS
2013-12-07,163688.2226264039,147460.13251761242,180417.49556797737,FOODS
2013-12-14,163366.68366791718,147273.06516852084,179319.23894932563,FOODS
2013-12-21,162659.72206457693,145518.4634355597,179433.19770478332,FOODS
2013-12-28,163336.72946217604,146318.0364808197,180122.1207458009,FOODS
2014-01-04,166094.83939080435,150535.1373734055,182384.16987077508,FOODS
2014-01-11,169565.3098337626,152859.9126972763,186039.8901751161,FOODS
2014-01-18,171852.74197294845,154636.90356506736,187542.19925847804,FOODS
2014-01-25,172619.36451183565,156293.22919180192,188577.2411932451,FOODS
2014-02-01,173079.74167371826,156700.70941492097,190383.443693837,FOODS
2014-02-08,174034.99329836122,158383.95038862232,190955.75632465936,FOODS
2014-02-15,174644.56967852238,158172.7491429821,190991.42938093498,FOODS
2014-02-22,173606.3867593338,156866.02532455677,189578.15481752696,FOODS
2014-03-01,171219.9333992382,154482.3903998397,187712.27686108465,FOODS
2014-03-08,169509.9951780537,153671.4857101521,185961.1183189448,FOODS
2014-03-15,170027.65383115725,154793.0366936689,186514.3090996461,FOODS
2014-03-22,171974.309113548,154806.86159913513,188651.4704410237,FOODS
2014-03-29,173017.79677351634,156353.65052252825,189263.22673500722,FOODS
2014-04-05,171873.35533429775,155618.9867633645,189045.57882881002,FOODS
2014-04-12,169561.18306100098,153888.13231917346,186982.36164535055,FOODS
2014-04-19,167948.6553181664,151190.0723402806,184500.58555964724,FOODS
2014-04-26,167560.45175124976,150706.71942092708,183759.61282882426,FOODS
2014-05-03,167416.29242528096,150669.51829439998,183193.55344395063,FOODS
2014-05-10,166919.98539809254,150509.34611188844,183621.50710406815,FOODS
2014-05-17,167147.60080061774,150518.5791812935,183537.44556375413,FOODS
2014-05-24,169702.99023625144,153114.0769248365,184830.85180758554,FOODS
2014-05-31,174524.8637377469,158232.05100984342,190880.0254243876,FOODS
2014-06-07,179466.5298285195,162005.79948693936,196249.40861009533,FOODS
2014-06-14,182276.95574363956,165191.04045142885,198444.755897755,FOODS
2014-06-21,182623.64393112055,165599.96622269208,198450.47738904526,FOODS
2014-06-28,181836.87057368117,166072.7682007931,197526.94276132985,FOODS
2014-07-05,180996.30941261273,164848.61441372408,198082.53221110685,FOODS
2014-07-12,179965.05774981462,163462.38722499323,196107.62920146206,FOODS
2014-07-19,178466.30319685166,161210.08993244413,193676.97470628627,FOODS
2014-07-26,177387.68374015705,159982.5377122189,192424.12260422288,FOODS
2014-08-02,178139.4911053005,161759.729837773,194722.88662269036,FOODS
2014-08-09,180645.09834845056,165025.14689038458,196567.66163071909,FOODS
2014-08-16,182735.11497989946,165695.3385186198,199647.56911308045,FOODS
2014-08-23,182230.59622981996,165490.3442195385,198872.50121018803,FOODS
2014-08-30,179501.11105067475,163770.95588267528,197351.090074359,FOODS
2014-09-06,177292.03908603225,160718.63397621093,192539.77891011795,FOODS
2014-09-13,177700.63251945155,160705.90151477838,195036.02441984433,FOODS
2014-09-20,179711.99144298933,163303.96779763018,196269.63324855667,FOODS
2014-09-27,180243.76482403753,162701.9510167458,196579.2937759205,FOODS
2014-10-04,177564.96965415924,161020.40585634633,195335.26489212623,FOODS
2014-10-11,173145.06550628625,157174.3737847314,190080.74799300774,FOODS
2014-10-18,169877.8497197387,152871.61612617123,187561.0596009153,FOODS
2014-10-25,168909.67404132456,152228.5719074727,185083.79872332065,FOODS
2014-11-01,168790.04569815908,152023.43944607305,186910.8562762064,FOODS
2014-11-08,167670.68319159362,150342.57395435945,183614.81908764946,FOODS
2014-11-15,165618.4539414919,148808.53064849743,182321.42232931318,FOODS
2014-11-22,164248.05881513332,147332.88606622317,180897.86428336264,FOODS
2014-11-29,164424.11078835322,148302.7553055232,181875.94538951857,FOODS
2014-12-06,165145.3410182471,148606.05767241385,181496.7018807917,FOODS
2014-12-13,165011.632224584,147578.61437315683,181378.25748830897,FOODS
2014-12-20,164247.90864738374,147962.56693627714,181807.85965172283,FOODS
2014-12-27,164565.42527246109,147518.80801128683,180391.2067904923,FOODS
2015-01-03,166997.9012921178,151101.2348133797,183150.47690664305,FOODS
2015-01-10,170495.5415161713,152944.14633519266,187300.32716708223,FOODS
2015-01-17,173077.50815436814,156335.17564690084,189448.00999560827,FOODS
2015-01-24,174048.5514785213,156514.9263596139,189942.5940516832,FOODS
2015-01-31,174461.84803199736,158149.67335800274,190552.42478856214,FOODS
2015-02-07,175344.60257953944,157750.5144578008,193099.58499191792,FOODS
2015-02-14,176128.6165982347,161349.19702218554,192309.53398840452,FOODS
2015-02-21,175427.23720271033,159238.62243152934,191697.4118956865,FOODS
2015-02-28,173162.5659155096,156915.98628645047,188874.25656365784,FOODS
2015-03-07,171168.66387617018,156601.16946908634,189493.78694773148,FOODS
2015-03-14,171272.53276078566,154926.66075179182,188644.90784588805,FOODS
2015-03-21,173122.4218848521,156475.70406226537,188726.6460193154,FOODS
2015-03-28,174483.67285904576,157646.39801439285,190674.30538917647,FOODS
2015-04-04,173716.20358783568,156365.80983133888,189604.92188279115,FOODS
2015-04-11,171466.45725901512,155086.71708125525,189248.41437141222,FOODS
2015-04-18,169633.39218088984,151718.31740567347,185890.84364857458,FOODS
2015-04-25,169073.5794301951,152635.34316839973,186014.8061966135,FOODS
2015-05-02,168969.2872852858,153383.63826674444,186626.83162547555,FOODS
2015-05-09,168504.3537400971,152798.38440502976,184685.53579099363,FOODS
2015-05-16,168469.38853182737,151083.96556792766,185777.77793346124,FOODS
2015-05-23,170543.87020510368,153956.02820409805,187139.4323144845,FOODS
2015-05-30,175074.3619698567,158146.63907064867,191881.1454948159,FOODS
2015-06-06,180191.75171260137,163384.17364888825,196238.85949709688,FOODS
2015-06-13,183474.69659122356,166316.78746060637,198999.7042009407,FOODS
2015-06-20,184189.55033131817,166613.25484435962,201005.8708556933,FOODS
2015-06-27,183493.92244146357,166440.30230007053,200036.27937673143,FOODS
2015-07-04,182642.3147226877,166012.73816342157,199602.75096690055,FOODS
2015-07-11,181684.98152873534,166666.39595861506,197500.97537375483,FOODS
2015-07-18,180243.66271508884,163946.11195746541,197108.71395461613,FOODS
2015-07-25,178976.51268154057,162425.39913073642,197513.59414863953,FOODS
2015-08-01,179340.6645920641,162039.58823846388,195687.27547441894,FOODS
2015-08-08,181645.8072453688,164727.613050225,198617.54501554018,FOODS
2015-08-15,184010.53482052212,168493.28495484826,200180.70014383018,FOODS
2015-08-22,184034.86682301186,167426.9613393228,201579.15105432176,FOODS
2015-08-29,181540.0524523003,165421.57338495352,198064.97782008702,FOODS
2015-09-05,179018.47326925638,161154.2529514105,195276.6768709244,FOODS
2015-09-12,178935.26956860605,163076.77441709174,194959.29895272886,FOODS
2015-09-19,180867.861314304,164030.95186547327,197529.7132098385,FOODS
2015-09-26,181873.59345605332,165165.77075693457,199485.25284175618,FOODS
2015-10-03,179748.89802802826,163433.11893435376,196344.9752524289,FOODS
2015-10-10,175423.90457955803,159375.95820200577,191359.8677984306,FOODS
2015-10-17,171784.44632456437,155252.29949629857,187376.35239851064,FOODS
2015-10-24,170453.55892705455,154136.2551475847,187479.9843719512,FOODS
2015-10-31,170346.7968461123,153982.57427330583,187064.6604431278,FOODS
2015-11-07,169469.79343819612,151651.43840940882,185820.88232501672,FOODS
2015-11-14,167483.4680802771,151089.5644678696,184111.0642848097,FOODS
2015-11-21,165876.74235625338,149727.78946505042,181649.70784172186,FOODS
2015-11-28,165802.6306044176,149190.19160795887,181653.95667467688,FOODS
2015-12-05,166550.1529391282,150526.19269530964,183318.05739006514,FOODS
2015-12-12,166614.35706728278,149088.34995716935,183159.12212831157,FOODS
2015-12-19,165857.70252750488,149244.60411254002,182389.12572469,FOODS
2015-12-26,165855.57565343942,149296.5770904709,181395.91912597555,FOODS
2016-01-02,167927.81848852566,150528.22806632417,183856.8857324673,FOODS
2016-01-09,171385.03277923816,154241.63111376204,188553.19104253312,FOODS
2016-01-16,174240.45754779072,157151.55583473004,192096.34506653063,FOODS
2016-01-23,175457.6213386599,159768.37225463672,191777.9339832808,FOODS
2016-01-30,175864.05144204778,158719.1568421179,192620.3658414677,FOODS
2016-02-06,176653.76347146387,159783.11913742733,191695.37435119326,FOODS
2016-02-13,177561.28047406857,160624.74087902802,194169.53379848428,FOODS
2016-02-20,177192.22953347047,161807.2195011262,193776.26536353515,FOODS
2016-02-27,175113.7327748377,158955.5061898031,190747.62557462536,FOODS
2016-03-05,172900.88345600903,156660.65613999672,190050.1260299835,FOODS
2016-03-12,172578.86488141058,155663.92817208436,188889.98828311678,FOODS
2016-03-19,174253.08398982673,157863.5241180951,192181.38769042483,FOODS
2016-03-26,175874.61884699014,160656.5971546271,192711.63441667164,FOODS
2016-04-02,175508.03264655385,159416.40526157847,191940.96456669408,FOODS
2016-04-09,173388.42957447236,157707.96335203064,189477.47431764318,FOODS
2016-04-16,171364.03832603875,155612.0674417877,189040.9141734955,FOODS
2016-04-23,170601.19582715438,152339.0880761142,187155.1766458207,FOODS
2016-04-30,170505.64021296107,154197.89384633247,187836.965064788,FOODS
2016-05-07,170099.4915410446,153615.79964247977,184573.56167905952,FOODS
2016-05-14,169862.44384766227,152297.51936153547,185098.91165887704,FOODS
2011-01-29,26685.204715793883,23672.43147600605,29727.02676896128,HOUSEHOLD
2011-02-05,29970.403016263328,26838.15369812452,33102.49500290435,HOUSEHOLD
2011-02-12,32634.879822419556,29335.13912741801,35492.70131098827,HOUSEHOLD
2011-02-19,33675.57492599615,30453.866546617824,36748.797505447525,HOUSEHOLD
2011-02-26,33192.31670820613,30332.57093024111,36119.391249593515,HOUSEHOLD
2011-03-05,32205.095194882088,28916.702288600474,35487.0635553717,HOUSEHOLD
2011-03-12,31679.295580093385,28624.738218765622,34738.847146300264,HOUSEHOLD
2011-03-19,31788.873619670063,28691.185988505185,34870.00509177468,HOUSEHOLD
2011-03-26,32067.67610773548,28831.206373296867,35067.50383763457,HOUSEHOLD
2011-04-02,32076.31395526748,29095.109307187817,35121.34107653212,HOUSEHOLD
2011-04-09,31770.16467467032,28450.533069559136,34759.01564862108,HOUSEHOLD
2011-04-16,31306.744927579643,27977.329999256555,34294.08747803802,HOUSEHOLD
2011-04-23,30760.567112257108,27365.713171476284,33827.933214964665,HOUSEHOLD
2011-04-30,30192.86535548418,27044.057138816894,33241.9786735695,HOUSEHOLD
2011-05-07,29888.66493264496,26838.797573824224,32945.127211524596,HOUSEHOLD
2011-05-14,30264.477164740187,27150.260183203078,33282.327840316946,HOUSEHOLD
2011-05-21,31415.037676389424,28180.92505890944,34401.72969420481,HOUSEHOLD
2011-05-28,32861.24558795179,29684.783854305722,36009.28549481061,HOUSEHOLD
2011-06-04,33920.60217812352,30766.11713505972,37038.48107659485,HOUSEHOLD
2011-06-11,34353.54120077634,31441.77842062005,37477.14182235764,HOUSEHOLD
2011-06-18,34532.86004822969,31187.157917276258,37704.11579754945,HOUSEHOLD
2011-06-25,34922.603191336006,31732.202007423846,38075.123548918345,HOUSEHOLD
2011-07-02,35504.91780096719,32322.329857348082,38654.08167289046,HOUSEHOLD
2011-07-09,35872.23770333427,32974.863572903654,38897.94509544577,HOUSEHOLD
2011-07-16,35865.79321950976,32878.53964869436,38926.4426606653,HOUSEHOLD
2011-07-23,35924.240509343894,32746.3459969059,38868.25189670415,HOUSEHOLD
2011-07-30,36636.12045715401,33485.260600751804,40005.78638605567,HOUSEHOLD
2011-08-06,37992.48747804371,34991.21043047488,40845.790271668455,HOUSEHOLD
2011-08-13,39265.209152515046,36080.05165917705,42522.84262087176,HOUSEHOLD
2011-08-20,39722.66611410212,36623.196169438364,42994.72238432123,HOUSEHOLD
2011-08-27,39386.03325702665,36431.347599913395,42306.25757078043,HOUSEHOLD
2011-09-03,38956.928909181166,35996.200502773216,42385.393276751754,HOUSEHOLD
2011-09-10,39010.709258911644,35941.500707874104,42403.41800486691,HOUSEHOLD
2011-09-17,39389.941099917516,36233.55807436723,42568.10210577793,HOUSEHOLD
2011-09-24,39478.81518028913,36329.317405382506,42500.94309623485,HOUSEHOLD
2011-10-01,38888.06769080511,35756.35571865217,41746.17277918033,HOUSEHOLD
2011-10-08,37881.07954099468,34828.67808568717,40987.75542905571,HOUSEHOLD
2011-10-15,36980.07855487292,33698.178180610004,39996.00965714224,HOUSEHOLD
2011-10-22,36394.46408909693,33089.835419570925,39579.619913510905,HOUSEHOLD
2011-10-29,35922.05737729825,32915.62746201342,38949.402722402134,HOUSEHOLD
2011-11-05,35324.16022249477,32267.880544065698,38570.65755855646,HOUSEHOLD
2011-11-12,34613.66929700523,31466.696263510577,37500.135957976505,HOUSEHOLD
2011-11-19,33927.68312546631,30734.98608051915,37093.19502139015,HOUSEHOLD
2011-11-26,33262.405851987576,30165.06411160888,36342.77860025611,HOUSEHOLD
2011-12-03,32526.975434437474,29355.859146102877,35576.18753894198,HOUSEHOLD
2011-12-10,31821.145956351076,28526.94805797408,35003.934185971375,HOUSEHOLD
2011-12-17,31481.969796389436,28323.66696531369,34607.10294560355,HOUSEHOLD
2011-12-24,31732.598043833605,28430.6907294571,34616.70284686432,HOUSEHOLD
2011-12-31,32380.886001918512,29197.42106055562,35655.92698028592,HOUSEHOLD
2012-01-07,33054.72340625507,29935.520127690168,36326.96755809262,HOUSEHOLD
2012-01-14,33773.85352634636,30566.073792343825,36912.856406695195,HOUSEHOLD
2012-01-21,35135.36580294357,32043.460452121188,38122.610152821624,HOUSEHOLD
2012-01-28,37630.08108344263,34485.582840714844,40833.77016791393,HOUSEHOLD
2012-02-04,40931.30181754789,37662.23923222962,43812.93037916798,HOUSEHOLD
2012-02-11,43852.08198971244,40711.83650035433,47063.988492496406,HOUSEHOLD
2012-02-18,45260.7270523557,41937.63165224227,48132.02813002812,HOUSEHOLD
2012-02-25,45039.75709859326,42093.43952392387,48112.094596769915,HOUSEHOLD
2012-03-03,44105.336262099554,41091.10203966478,47338.93046910183,HOUSEHOLD
2012-03-10,43507.39610630903,40509.044988218426,46562.418125358396,HOUSEHOLD
2012-03-17,43631.61998676162,40541.10097294277,46834.407423127865,HOUSEHOLD
2012-03-24,44025.80513574026,40931.067823438156,46963.961265701946,HOUSEHOLD
2012-03-31,44201.60904332249,41099.8048286615,47429.30869287539,HOUSEHOLD
2012-04-07,44045.18480981333,40996.833216919134,46983.25534292532,HOUSEHOLD
2012-04-14,43704.77255533213,40741.51349867851,46972.10580263269,HOUSEHOLD
2012-04-21,43276.34422410635,40043.355068771925,46242.05723192283,HOUSEHOLD
2012-04-28,42803.973625412196,39720.91659912478,45847.03537980232,HOUSEHOLD
2012-05-05,42525.26969395364,39298.89181107555,45583.67739576265,HOUSEHOLD
2012-05-12,42865.730038570895,39750.82083881759,46029.50879989522,HOUSEHOLD
2012-05-19,44006.3741013532,40907.084537768176,46906.86492183026,HOUSEHOLD
2012-05-26,45561.58857897813,42508.89833302687,48558.56874849147,HOUSEHOLD
2012-06-02,46835.674301795865,43672.66481911711,50055.977243605594,HOUSEHOLD
2012-06-09,47475.6318153846,44517.47457083566,50571.98653777946,HOUSEHOLD
2012-06-16,47767.717455061604,44510.09864566614,51071.64407047332,HOUSEHOLD
2012-06-23,48212.33816053076,44904.003640556555,51307.96873681533,HOUSEHOLD
2012-06-30,48894.67593831597,45834.47316133399,52018.648971478666,HOUSEHOLD
2012-07-07,49436.515623151776,46466.86157587082,52375.14645852558,HOUSEHOLD
2012-07-14,49589.067913843726,46436.75842683813,52783.14102698415,HOUSEHOLD
2012-07-21,49694.94990928659,46618.43439459474,52838.95460475069,HOUSEHOLD
2012-07-28,50375.00966431469,47152.99506323475,53364.70032099276,HOUSEHOLD
2012-08-04,51763.363899255324,48566.17129578291,54730.544029634344,HOUSEHOLD
2012-08-11,53225.908143576686,50082.56586756837,56181.82866898681,HOUSEHOLD
2012-08-18,53962.722310121535,50840.499261923906,57189.40666839191,HOUSEHOLD
2012-08-25,53836.23108000016,50824.31621995425,56991.949643419706,HOUSEHOLD
2012-09-01,53474.45222049547,50474.55254023401,56557.60669552447,HOUSEHOLD
2012-09-08,53539.10232555573,50233.64369496529,56500.36111143828,HOUSEHOLD
2012-09-15,54011.135936573184,51040.877889211944,57319.63364399372,HOUSEHOLD
2012-09-22,54286.35728417675,51182.14121432549,57505.67394126057,HOUSEHOLD
2012-09-29,53901.34924206955,51122.78810021358,56879.08191848708,HOUSEHOLD
2012-10-06,53015.99974268425,49959.55142987593,56215.240318778095,HOUSEHOLD
2012-10-13,52153.42087848537,49104.389914739164,55454.01341120642,HOUSEHOLD
2012-10-20,51604.68477533427,48428.84701856969,54528.870340227186,HOUSEHOLD
2012-10-27,51221.229205403484,48073.36173840093,54135.65294005737,HOUSEHOLD
2012-11-03,50683.34248724354,47659.23424718692,53694.95945902659,HOUSEHOLD
2012-11-10,50013.186748712695,46944.75587009743,53529.371710503736,HOUSEHOLD
2012-11-17,49345.834092253164,46428.41021518963,52540.29562804621,HOUSEHOLD
2012-11-24,48712.54089149798,45890.22628392193,51721.76947992447,HOUSEHOLD
2012-12-01,48019.131993052055,44715.96507271443,51207.662650717844,HOUSEHOLD
2012-12-08,47315.35579074013,44426.471894276656,50461.84593773724,HOUSEHOLD
2012-12-15,46913.14363603616,43907.780164708674,49866.22078102807,HOUSEHOLD
2012-12-22,47088.18803568714,43921.782870759365,50105.956596440694,HOUSEHOLD
2012-12-29,47628.10674345192,44599.86986785551,50673.20875022407,HOUSEHOLD
2013-01-05,48246.90226010168,45183.83611556694,51374.39141157746,HOUSEHOLD
2013-01-12,48861.004459081385,45782.01411963496,52021.65058875189,HOUSEHOLD
2013-01-19,49969.121403610654,46918.51110905588,53236.947776177054,HOUSEHOLD
2013-01-26,52163.066609946436,49174.59186313222,55186.968901794746,HOUSEHOLD
2013-02-02,55299.07067731029,52250.69511918384,58377.67544811096,HOUSEHOLD
2013-02-09,58296.523999481564,55288.7051973069,61273.46966472499,HOUSEHOLD
2013-02-16,59928.668619709075,56782.18084091046,62920.2095610716,HOUSEHOLD
2013-02-23,59861.2571916374,56562.11739465408,62884.12429106462,HOUSEHOLD
2013-03-02,58773.979325018954,55533.95998063406,61797.18035163072,HOUSEHOLD
2013-03-09,57872.703279414774,54569.09046056883,60694.54764352656,HOUSEHOLD
2013-03-16,57645.01788757078,54651.984924367884,60822.02197286597,HOUSEHOLD
2013-03-23,57785.74522279945,54720.17140282368,60988.14860821981,HOUSEHOLD
2013-03-30,57773.64292270044,54644.7649487051,60973.268887976315,HOUSEHOLD
2013-04-06,57420.80090318445,54269.62738996574,60430.373885498804,HOUSEHOLD
2013-04-13,56854.51342677914,53718.30396362089,59920.19744985436,HOUSEHOLD
2013-04-20,56192.47515382518,53171.43515812182,59566.90546255852,HOUSEHOLD
2013-04-27,55390.244771012665,52418.03067337998,58677.69234741291,HOUSEHOLD
2013-05-04,54719.03800027699,51483.31464567798,58048.30311671746,HOUSEHOLD
2013-05-11,54589.67270900342,51589.788689523724,57590.62230153423,HOUSEHOLD
2013-05-18,55265.876069212114,52114.97084218394,58387.99200091128,HOUSEHOLD
2013-05-25,56464.43744664972,53320.17235776433,59673.61897148888,HOUSEHOLD
2013-06-01,57499.596575359355,54418.80728700176,60620.86212396914,HOUSEHOLD
2013-06-08,57915.53723882096,55074.779143981475,61060.48578603466,HOUSEHOLD
2013-06-15,57896.827435967585,54765.840459766885,60814.049458307105,HOUSEHOLD
2013-06-22,57956.29255468281,54866.2064843845,61218.49236319873,HOUSEHOLD
2013-06-29,58281.83618462498,55243.48655198671,61599.33071455467,HOUSEHOLD
2013-07-06,58545.89315851926,55683.63544351865,61730.73470758617,HOUSEHOLD
2013-07-13,58426.405791079356,55270.67829228042,61590.06878579529,HOUSEHOLD
2013-07-20,58158.984688887314,55030.718710576075,61150.54096711535,HOUSEHOLD
2013-07-27,58369.53159158774,55395.0924315329,61509.77404508889,HOUSEHOLD
2013-08-03,59324.95896012938,55854.12840334106,62251.813318326385,HOUSEHOLD
2013-08-10,60506.4181345218,57516.17536834671,63647.53096669502,HOUSEHOLD
2013-08-17,61075.024307269865,57756.563489095155,64001.9403924683,HOUSEHOLD
2013-08-24,60738.078645808186,57740.105741639236,63545.31057744839,HOUSEHOLD
2013-08-31,60024.03020426116,56885.93005564171,63219.2597258981,HOUSEHOLD
2013-09-07,59655.748630461894,56518.60561064926,62815.52612343815,HOUSEHOLD
2013-09-14,59756.21108973471,56734.97441328872,62796.45015586484,HOUSEHOLD
2013-09-21,59780.49493886621,56659.82464364711,62610.84289341283,HOUSEHOLD
2013-09-28,59186.11547804123,56102.85900177739,62214.13907823204,HOUSEHOLD
2013-10-05,58019.86584762663,54829.85489410736,61303.915657203135,HOUSEHOLD
2013-10-12,56784.51805755575,53885.61864693968,59952.194111722274,HOUSEHOLD
2013-10-19,55845.800004509765,52802.70075916268,58929.60021674967,HOUSEHOLD
2013-10-26,55120.759278554324,52018.20804163859,58179.14404723424,HOUSEHOLD
2013-11-02,54333.14025113426,51299.57849401533,57309.62628852891,HOUSEHOLD
2013-11-09,53399.62722887799,50447.087590729454,56615.301985386126,HOUSEHOLD
2013-11-16,52445.646999513185,49087.74009546578,55509.37580537257,HOUSEHOLD
2013-11-23,51534.11229905655,48516.69149008783,54491.75759203217,HOUSEHOLD
2013-11-30,50577.552211114926,47377.56293961993,53702.225803909314,HOUSEHOLD
2013-12-07,49580.36510272199,46301.29171200288,52681.57558234948,HOUSEHOLD
2013-12-14,48818.737409709494,45741.87317120335,51635.491284402524,HOUSEHOLD
2013-12-21,48607.775967293644,45485.58300085117,51646.13683777211,HOUSEHOLD
2013-12-28,48909.030791039724,45716.99822786828,51912.239944809204,HOUSEHOLD
2014-01-04,49352.762508951695,46276.69456677347,52303.539971410886,HOUSEHOLD
2014-01-11,49762.76972319127,46977.429997841675,52951.51881328101,HOUSEHOLD
2014-01-18,50547.20743987152,47430.42349035806,53665.381214557136,HOUSEHOLD
2014-01-25,52344.780521020504,49362.13914636566,55542.00365214233,HOUSEHOLD
2014-02-01,55187.07275984032,52097.306277445474,58376.73689402879,HOUSEHOLD
2014-02-08,58127.26872538569,55066.18050859926,61363.72505415741,HOUSEHOLD
2014-02-15,59879.906852533306,56840.99746083256,63024.99237139803,HOUSEHOLD
2014-02-22,59901.65069817026,56742.02054356625,63030.96962500922,HOUSEHOLD
2014-03-01,58809.84477236588,55537.46775768487,61926.883998690944,HOUSEHOLD
2014-03-08,57731.50979633024,54605.679220748636,60749.066271198244,HOUSEHOLD
2014-03-15,57305.78165236897,54329.145845089595,60294.00177017978,HOUSEHOLD
2014-03-22,57340.21238397042,54206.94662536594,60649.706868733214,HOUSEHOLD
2014-03-29,57299.80261081723,54236.34625429611,60638.603360172514,HOUSEHOLD
2014-04-05,56921.103805745486,53724.734084947224,60070.091453511995,HOUSEHOLD
2014-04-12,56299.06034899618,53174.509690502586,59273.492127923266,HOUSEHOLD
2014-04-19,55569.912699757544,52479.43150292546,58564.122069469595,HOUSEHOLD
2014-04-26,54771.387132610325,51695.82989646507,57917.9597267021,HOUSEHOLD
2014-05-03,54049.6819805036,50784.31929967447,57285.86849805198,HOUSEHOLD
2014-05-10,53792.34976155489,50807.10441987606,56733.2305177507,HOUSEHOLD
2014-05-17,54326.859406271724,51210.84302724567,57390.883908137206,HOUSEHOLD
2014-05-24,55477.1363269417,52374.997724468005,58614.88758373952,HOUSEHOLD
2014-05-31,56589.72642387348,53755.273870379984,59756.80823146726,HOUSEHOLD
2014-06-07,57181.22372980033,54266.176737369766,60309.46313237342,HOUSEHOLD
2014-06-14,57262.890790014186,54067.99277229308,60298.48259469753,HOUSEHOLD
2014-06-21,57339.31300776009,54425.96020572811,60428.150980614235,HOUSEHOLD
2014-06-28,57691.577229418406,54402.79295195957,60736.86501729252,HOUSEHOLD
2014-07-05,58061.42057414766,55063.165128101675,61316.79848573274,HOUSEHOLD
2014-07-12,58073.47582959166,54863.474437474506,61363.6045435671,HOUSEHOLD
2014-07-19,57850.606441739095,54766.80690469806,60889.17262906132,HOUSEHOLD
2014-07-26,57997.07862797542,54769.61748303473,61046.66992814478,HOUSEHOLD
2014-08-02,58974.72952695481,55826.03066898845,62101.94497344182,HOUSEHOLD
2014-08-09,60318.804982521746,57241.325621399505,63456.7983447545,HOUSEHOLD
2014-08-16,61182.13143656331,58015.856989112435,64480.41974663903,HOUSEHOLD
2014-08-23,61126.606571088596,57827.59687542413,64240.614580641464,HOUSEHOLD
2014-08-30,60558.85931716859,57518.60401134852,63737.094639746785,HOUSEHOLD
2014-09-06,60234.842124611845,57178.9294171345,63572.32995536602,HOUSEHOLD
2014-09-13,60417.38090290549,57337.02377944396,63626.339930622635,HOUSEHOLD
2014-09-20,60644.753072946456,57382.94183666154,63945.893768995746,HOUSEHOLD
2014-09-27,60382.36219517053,57551.35263387999,63545.2576536944,HOUSEHOLD
2014-10-04,59492.49437634959,56343.53256255494,62498.90576526977,HOUSEHOLD
2014-10-11,58436.361966804056,55513.601344651404,61647.22693160147,HOUSEHOLD
2014-10-18,57643.56912189227,54481.60645923914,60803.894610838426,HOUSEHOLD
2014-10-25,57106.32928085866,54135.981170488296,60316.0960409024,HOUSEHOLD
2014-11-01,56549.65466375666,53436.00836007855,59762.150062734785,HOUSEHOLD
2014-11-08,55841.024251312505,52784.353099432425,58884.368563425174,HOUSEHOLD
2014-11-15,55086.04473516403,51859.64957045765,58159.31166105498,HOUSEHOLD
2014-11-22,54376.0106810763,51161.41793765935,57541.228267786195,HOUSEHOLD
2014-11-29,53639.15716457578,50919.10160293339,56855.10098646585,HOUSEHOLD
2014-12-06,52841.411759951785,49998.06303710575,56101.51601751698,HOUSEHOLD
2014-12-13,52215.02098496925,49127.25364568757,55236.26346795149,HOUSEHOLD
2014-12-20,52100.1599192862,49055.56128436702,55163.02337172844,HOUSEHOLD
2014-12-27,52537.71854221613,49344.94229553107,55501.24485879718,HOUSEHOLD
2015-01-03,53187.87082877685,50054.39381910264,56320.31579040759,HOUSEHOLD
2015-01-10,53796.18498495412,50594.4638975924,56765.81190782587,HOUSEHOLD
2015-01-17,54668.241504131576,51875.047190199446,57682.572708885804,HOUSEHOLD
2015-01-24,56460.017036540434,53426.800333824955,59518.539172370394,HOUSEHOLD
2015-01-31,59364.90291062308,56199.92751727017,62674.101880344926,HOUSEHOLD
2015-02-07,62591.9868274199,59755.86644583477,65672.18097278349,HOUSEHOLD
2015-02-14,64834.924188833196,61757.134130588776,67752.77897734568,HOUSEHOLD
2015-02-21,65355.86627344863,62236.0290102212,68423.48721935347,HOUSEHOLD
2015-02-28,64585.834567955215,61475.154718139835,67594.19369887176,HOUSEHOLD
2015-03-07,63639.15066137006,60397.307030843185,66934.73394025263,HOUSEHOLD
2015-03-14,63295.058572399445,60358.89274189208,66494.14377798146,HOUSEHOLD
2015-03-21,63491.66194459885,60264.00241273473,66503.19565053702,HOUSEHOLD
2015-03-28,63701.77248485753,60670.31664462111,66805.51381359607,HOUSEHOLD
2015-04-04,63588.668176868574,60501.68591057606,66615.81870899668,HOUSEHOLD
2015-04-11,63201.569278662835,60178.3346189407,66172.15749075291,HOUSEHOLD
2015-04-18,62691.68033400265,59552.84325746186,65882.12126573356,HOUSEHOLD
2015-04-25,62106.09461924405,58951.04012819504,65009.65772943333,HOUSEHOLD
2015-05-02,61552.22776065722,58256.35125549873,64333.37797565492,HOUSEHOLD
2015-05-09,61383.86049266161,58550.43962585291,64640.7576604975,HOUSEHOLD
2015-05-16,61976.12184083145,58954.40893645955,65033.25063381798,HOUSEHOLD
2015-05-23,63260.57556193896,60214.06268166469,66311.82868556281,HOUSEHOLD
2015-05-30,64636.76431341405,61405.31860533075,67771.84114260346,HOUSEHOLD
2015-06-06,65490.616850353224,62432.92688916927,68628.15790326617,HOUSEHOLD
2015-06-13,65774.73593012065,62573.106021659725,68573.0640968613,HOUSEHOLD
2015-06-20,65960.58663026801,62838.686439580335,69172.6138052817,HOUSEHOLD
2015-06-27,66412.54060936962,63035.71511231627,69558.64582953637,HOUSEHOLD
2015-07-04,66956.78500642878,63633.70366774696,70007.88246347704,HOUSEHOLD
2015-07-11,67186.84005636345,63773.869879932085,70105.9856065544,HOUSEHOLD
2015-07-18,67112.4721775313,64206.52720264881,70122.08246900392,HOUSEHOLD
2015-07-25,67291.37238459759,64107.58074476023,70331.93879645607,HOUSEHOLD
2015-08-01,68205.4597510382,65231.58949738854,71326.81545198408,HOUSEHOLD
2015-08-08,69609.97194202246,66533.17966288526,72693.98250243597,HOUSEHOLD
2015-08-15,70680.20741514256,67619.7064222289,73896.20018502626,HOUSEHOLD
2015-08-22,70848.08276798775,67767.12349023,73723.09951417091,HOUSEHOLD
2015-08-29,70380.80414634301,67180.54971999663,73436.65063878933,HOUSEHOLD
2015-09-05,70037.59979922857,66856.94508376613,73262.0151351308,HOUSEHOLD
2015-09-12,70213.16072568951,67187.56160786399,73386.26937497416,HOUSEHOLD
2015-09-19,70549.91488084117,67172.60948986228,73420.96841323475,HOUSEHOLD
2015-09-26,70412.15614617325,67403.83882536994,73481.19702732115,HOUSEHOLD
2015-10-03,69610.02051591434,66762.46091677195,72774.63790380774,HOUSEHOLD
2015-10-10,68542.89733963006,65560.7408710481,71850.12525918236,HOUSEHOLD
2015-10-17,67690.0678730533,64504.784473068314,70671.09736885945,HOUSEHOLD
2015-10-24,67125.44366486109,63673.62108404587,70264.93843263874,HOUSEHOLD
2015-10-31,66590.11176197174,63527.83006176808,69811.38605253391,HOUSEHOLD
2015-11-07,65905.46367602149,62711.36462399374,68936.744970606,HOUSEHOLD
2015-11-14,65147.76707796331,62098.55997298382,68058.07211359034,HOUSEHOLD
2015-11-21,64431.162730721044,61232.47590740445,67814.4458147575,HOUSEHOLD
2015-11-28,63707.01012743692,60755.18011282343,66706.41685696834,HOUSEHOLD
2015-12-05,62911.43119738287,59894.34208052475,65891.50433957491,HOUSEHOLD
2015-12-12,62227.28167177005,59218.99696481816,65349.52206884444,HOUSEHOLD
2015-12-19,62004.9976205696,58891.66144758773,64937.86904993459,HOUSEHOLD
2015-12-26,62361.45662827897,59140.70807806021,65605.95708017201,HOUSEHOLD
2016-01-02,63003.25063437209,59894.1936860675,66291.35797282791,HOUSEHOLD
2016-01-09,63615.03542207362,60446.2425710229,66851.54496960677,HOUSEHOLD
2016-01-16,64392.95123401194,61458.72905408757,67487.6376681335,HOUSEHOLD
2016-01-23,65981.59531114936,62649.9148316515,68977.51096325924,HOUSEHOLD
2016-01-30,68717.35393251444,65776.94916138482,71907.88520053646,HOUSEHOLD
2016-02-06,71981.27981308063,68898.96285555803,75020.39373127953,HOUSEHOLD
2016-02-13,74484.0502259129,71169.52630175992,77619.39539794232,HOUSEHOLD
2016-02-20,75314.2760033039,72296.5736990598,78644.31654080663,HOUSEHOLD
2016-02-27,74699.46538900775,71812.87408528556,78132.29144891394,HOUSEHOLD
2016-03-05,73705.58491473192,70475.02838624142,76962.62915024973,HOUSEHOLD
2016-03-12,73234.78095447987,69968.20380124525,76312.0133801824,HOUSEHOLD
2016-03-19,73369.60457940922,70369.82652985264,76519.80455745223,HOUSEHOLD
2016-03-26,73613.85798563958,70480.51066279378,76807.84169210635,HOUSEHOLD
2016-04-02,73563.75588361433,70407.58516072218,76557.1201957746,HOUSEHOLD
2016-04-09,73212.680926711,70344.81135403506,76375.51753963009,HOUSEHOLD
2016-04-16,72718.57120952324,69382.91183404566,75974.67717317631,HOUSEHOLD
2016-04-23,72144.27607618117,69058.90190310133,75165.63519110244,HOUSEHOLD
2016-04-30,71565.77823920197,68679.75152382482,74564.40913121375,HOUSEHOLD
2016-05-07,71295.40492455354,68020.03766377362,74428.17060185195,HOUSEHOLD
2016-05-14,71739.1719911273,68675.84132686998,74928.58071907454,HOUSEHOLD
2011-01-29,19912.062034425922,17973.309533994463,21785.736168242514,HOBBIES
2011-02-05,20114.606603294473,18062.234329972973,22000.11552100175,HOBBIES
2011-02-12,20091.576052032146,18405.23063430773,22030.927941383667,HOBBIES
2011-02-19,19930.300750669543,17964.139037898312,21780.038309049352,HOBBIES
2011-02-26,19657.016696228507,17804.720741940662,21639.97822356608,HOBBIES
2011-03-05,19408.504133087754,17490.13076877247,21254.81998295083,HOBBIES
2011-03-12,19396.720633157154,17385.813369490716,21306.84441628675,HOBBIES
2011-03-19,19677.236473648147,17747.56855202052,21538.494170562313,HOBBIES
2011-03-26,20040.092162065885,18198.607344560278,22072.33446387882,HOBBIES
2011-04-02,20198.79511850029,18133.296381392378,22149.389637760847,HOBBIES
2011-04-09,20065.880643244254,18355.117509853197,22027.997570976553,HOBBIES
2011-04-16,19794.52493088934,17915.88545588967,21695.592318925297,HOBBIES
2011-04-23,19570.13417971863,17728.817563967732,21493.49602668712,HOBBIES
2011-04-30,19439.539900680626,17468.406513678034,21379.69497713456,HOBBIES
2011-05-07,19373.62736134395,17547.633770346692,21310.629318963187,HOBBIES
2011-05-14,19418.537496288107,17389.968349216913,21304.02768735002,HOBBIES
2011-05-21,19675.2923463902,17725.940647314488,21510.813274025233,HOBBIES
2011-05-28,20112.39129384767,18145.377326242015,21899.864852534924,HOBBIES
2011-06-04,20487.84407051288,18543.67161657523,22449.120943838414,HOBBIES
2011-06-11,20544.7369343788,18675.270666525543,22456.307376838748,HOBBIES
2011-06-18,20277.76080772257,18404.818400689663,22153.387065614435,HOBBIES
2011-06-25,19939.315089664626,17996.26637280195,21845.528164593652,HOBBIES
2011-07-02,19759.123476073746,17832.807015818544,21759.712385901166,HOBBIES
2011-07-09,19710.437937455496,17809.44479354167,21633.713489192585,HOBBIES
2011-07-16,19598.304834971965,17751.877350138773,21335.39019832885,HOBBIES
2011-07-23,19335.238430594858,17412.913992195623,21146.456966578964,HOBBIES
2011-07-30,19037.852772502127,16985.75505528336,21053.92859229337,HOBBIES
2011-08-06,18830.158783265026,16984.84754065173,20684.13475749244,HOBBIES
2011-08-13,18643.278834975186,16724.332590088616,20446.013970317556,HOBBIES
2011-08-20,18313.394315860955,16451.213209735044,20265.498930466805,HOBBIES
2011-08-27,17868.05411127931,16082.95722223224,19950.927438731367,HOBBIES
2011-09-03,17600.74666563234,15622.355236117073,19532.77599416243,HOBBIES
2011-09-10,17778.01725801096,15766.515398791857,19675.86005894132,HOBBIES
2011-09-17,18314.217336087215,16338.581064449358,20306.59692497326,HOBBIES
2011-09-24,18837.990266453697,16863.22366378793,20739.42893785944,HOBBIES
2011-10-01,19101.58074025726,17114.711919834263,20954.818445265475,HOBBIES
2011-10-08,19230.49935857851,17254.089758947703,21263.99095156592,HOBBIES
2011-10-15,19483.157990250485,17479.268756312722,21296.016484244174,HOBBIES
2011-10-22,19815.543378188733,17928.59949969905,21816.64115724748,HOBBIES
2011-10-29,19838.058630112682,17957.87438020682,21653.15364103597,HOBBIES
2011-11-05,19291.856554113405,17559.044935446283,21246.95986946735,HOBBIES
2011-11-12,18486.87849870768,16517.914913855064,20425.688036751013,HOBBIES
2011-11-19,18101.648503817345,16184.373857062581,20017.247574745306,HOBBIES
2011-11-26,18470.126958447825,16503.31464479657,20342.507147154865,HOBBIES
2011-12-03,19139.165232164818,17303.959625838746,21153.10573613502,HOBBIES
2011-12-10,19253.45362661315,17312.402129943453,21026.404209824683,HOBBIES
2011-12-17,18419.446425781895,16645.283331693223,20397.745885252396,HOBBIES
2011-12-24,17143.2939008113,15319.70761085393,18943.49780913582,HOBBIES
2011-12-31,16379.27477720759,14414.154864128222,18331.755228074388,HOBBIES
2012-01-07,16668.83113714834,14836.456754124692,18669.348928716085,HOBBIES
2012-01-14,17740.019618211325,15722.073838826025,19582.12173527804,HOBBIES
2012-01-21,18882.65796598646,17107.45870059112,20873.809726576008,HOBBIES
2012-01-28,19599.291684510517,17763.26778197824,21615.768045504938,HOBBIES
2012-02-04,19862.44578719571,17869.0908454974,21736.931573537604,HOBBIES
2012-02-11,19868.92510578507,17964.221719323952,21746.16356245916,HOBBIES
2012-02-18,19731.281469249665,17864.360881593933,21591.896486666414,HOBBIES
2012-02-25,19472.419448253546,17482.57319933954,21309.062571678234,HOBBIES
2012-03-03,19203.485864374943,17143.860463622885,21033.414254475003,HOBBIES
2012-03-10,19137.784451961557,17169.94125229373,20991.936155338462,HOBBIES
2012-03-17,19374.756148547018,17435.71635534176,21283.668344963404,HOBBIES
2012-03-24,19745.858187497066,17713.69844162071,21620.227672973404,HOBBIES
2012-03-31,19955.62235931982,17962.313907599648,21938.054562605084,HOBBIES
2012-04-07,19868.594045125446,17989.23672358054,21697.342109908066,HOBBIES
2012-04-14,19605.930490106086,17676.881320886405,21464.890238546865,HOBBIES
2012-04-21,19365.192600170292,17468.202267432152,21471.359345474866,HOBBIES
2012-04-28,19220.093213015032,17209.535315959187,21127.542760176577,HOBBIES
2012-05-05,19142.59336678246,17360.51546280138,21016.785237879958,HOBBIES
2012-05-12,19159.802610678853,17145.780576183846,20993.681017895135,HOBBIES
2012-05-19,19374.72692588612,17579.912782418935,21253.507041624936,HOBBIES
2012-05-26,19792.40564287701,17767.026675214493,21757.543103123608,HOBBIES
2012-06-02,20201.386982449607,18141.255506545156,22173.61014377647,HOBBIES
2012-06-09,20325.010984044784,18274.531908396348,22181.178260635144,HOBBIES
2012-06-16,20102.125045006047,18214.248744071578,21904.591931205432,HOBBIES
2012-06-23,19754.4791925987,17876.807280766334,21620.09972865974,HOBBIES
2012-06-30,19539.718704722152,17543.505123688534,21489.238724124287,HOBBIES
2012-07-07,19480.531093358255,17658.52332206137,21337.268069720943,HOBBIES
2012-07-14,19410.65655854179,17661.972834698096,21452.401917528845,HOBBIES
2012-07-21,19188.822086249238,17198.969553436396,21115.612560065176,HOBBIES
2012-07-28,18903.191509558306,16996.018752957407,20880.070968569526,HOBBIES
2012-08-04,18696.48514639631,16753.749272622503,20623.01169490888,HOBBIES
2012-08-11,18537.101013904885,16626.245859037856,20401.508586475895,HOBBIES
2012-08-18,18257.725000719944,16394.325914127585,20082.153682938373,HOBBIES
2012-08-25,17835.276068094485,15923.342850359444,19728.59883955851,HOBBIES
2012-09-01,17528.592283256145,15630.122527786512,19332.48325167378,HOBBIES
2012-09-08,17674.106251504192,15730.15656622076,19588.673146214787,HOBBIES
2012-09-15,18223.22207604512,16502.58705172276,20245.489238995557,HOBBIES
2012-09-22,18830.198516300257,16969.076231654737,20814.42236716623,HOBBIES
2012-09-29,19194.9837055844,17212.49915885125,21068.534489972615,HOBBIES
2012-10-06,19380.088992796445,17423.18892311585,21195.474197469473,HOBBIES
2012-10-13,19654.590481465202,17705.619639261542,21479.643913177533,HOBBIES
2012-10-20,20049.004273271486,17975.32613703803,22050.001554611415,HOBBIES
2012-10-27,20211.228202837865,18326.222321819478,22127.599692589614,HOBBIES
2012-11-03,19848.99739561751,17793.463432223736,21759.83578991495,HOBBIES
2012-11-10,19129.884448596673,17242.55684595612,21082.357433155943,HOBBIES
2012-11-17,18712.452671197094,16788.011905946812,20753.57541257081,HOBBIES
2012-11-24,19043.856647628265,17073.887244966765,20888.338190230337,HOBBIES
2012-12-01,19808.180814513522,18014.33731453796,21631.266890193056,HOBBIES
2012-12-08,20161.16029757667,18416.27580974922,22154.70218502905,HOBBIES
2012-12-15,19571.178039891493,17687.01467940878,21404.27916879212,HOBBIES
2012-12-22,18392.399724020437,16526.215721570265,20324.245224833187,HOBBIES
2012-12-29,17562.38235702715,15723.138776636768,19619.670416905275,HOBBIES
2013-01-05,17748.257414348125,15771.404181452514,19593.713480626768,HOBBIES
2013-01-12,18815.35469628955,17000.7544975263,20751.22630559208,HOBBIES
2013-01-19,20081.61794252623,18077.750372250775,21944.988509742936,HOBBIES
2013-01-26,20975.645885288006,19150.54030971374,23019.24678063085,HOBBIES
2013-02-02,21393.54973870105,19403.154979318224,23189.355484172407,HOBBIES
2013-02-09,21519.999572377157,19553.357972509937,23352.18170537262,HOBBIES
2013-02-16,21493.023911051227,19533.13985966151,23470.73646965142,HOBBIES
2013-02-23,21338.983355176846,19500.884984108176,23193.806823390707,HOBBIES
2013-03-02,21144.034137309718,19216.597551047947,23076.595620179538,HOBBIES
2013-03-09,21115.002982914084,19059.953789895182,22918.253635341047,HOBBIES
2013-03-16,21389.546249296876,19458.790468819334,23367.66915918481,HOBBIES
2013-03-23,21845.50707567594,20020.89223576125,23728.912707580064,HOBBIES
2013-03-30,22188.64698335166,20223.232734736448,24174.85686775397,HOBBIES
2013-04-06,22238.863398499303,20379.896685567124,24164.13790788186,HOBBIES
2013-04-13,22078.730289092186,20206.84649580666,24047.4985066727,HOBBIES
2013-04-20,21910.816601571438,20084.399933559205,23888.59120801427,HOBBIES
2013-04-27,21836.710643093906,20033.538116909942,23757.368425708304,HOBBIES
2013-05-04,21835.324843209186,19997.058410503738,23721.886685525384,HOBBIES
2013-05-11,21915.59213990384,20153.054588418465,23950.941786131316,HOBBIES
2013-05-18,22176.164969282505,20312.536753160122,24075.453067416387,HOBBIES
2013-05-25,22654.150396777888,20741.64854799041,24605.839105813477,HOBBIES
2013-06-01,23173.884865594144,21285.337990014115,25172.062281702336,HOBBIES
2013-06-08,23448.98840004648,21467.824464920475,25287.99125323252,HOBBIES
2013-06-15,23364.940761568712,21431.937723906012,25250.294365392576,HOBBIES
2013-06-22,23085.83741151565,21170.623161445998,25082.490711803413,HOBBIES
2013-06-29,22905.825992013495,20863.270472234875,24778.415407993594,HOBBIES
2013-07-06,22898.095877605072,21001.06825303031,24686.189375414117,HOBBIES
2013-07-13,22898.274825648306,20924.700187090228,24879.469123137882,HOBBIES
2013-07-20,22753.17319618749,20885.716344733275,24820.978567493188,HOBBIES
2013-07-27,22516.771642799962,20594.48880572862,24397.41042419577,HOBBIES
2013-08-03,22342.12138888675,20458.589045373796,24228.899124187035,HOBBIES
2013-08-10,22236.195643408242,20263.498002672604,24231.06268248418,HOBBIES
2013-08-17,22008.530835347414,20135.91496662324,23927.69805956336,HOBBIES
2013-08-24,21620.350618248794,19569.57120942633,23621.60294714999,HOBBIES
2013-08-31,21287.407377896066,19410.122159735034,23161.131309339005,HOBBIES
2013-09-07,21332.665326551825,19452.572135274706,23217.48817185792,HOBBIES
2013-09-14,21814.355320586303,19904.835721056406,23645.356735546065,HOBBIES
2013-09-21,22425.82352619749,20503.240731395585,24281.651544139393,HOBBIES
2013-09-28,22826.123901870113,20906.070148573108,24692.66691012844,HOBBIES
2013-10-05,23009.245163915544,21067.09132693875,24871.349811177755,HOBBIES
2013-10-12,23238.89708904089,21331.157636220476,25046.989072846216,HOBBIES
2013-10-19,23587.77472671609,21769.598086567188,25496.411542335845,HOBBIES
2013-10-26,23782.661468300186,21809.089740662224,25657.578595014293,HOBBIES
2013-11-02,23449.09347693554,21580.75065603298,25359.479661497764,HOBBIES
2013-11-09,22676.991063769878,20921.166782230543,24536.636615663454,HOBBIES
2013-11-16,22081.444226632048,20191.56307523797,23962.188103201475,HOBBIES
2013-11-23,22203.14985780294,20269.79497698887,23998.623552053697,HOBBIES
2013-11-30,22871.43649972847,20988.98309790259,24718.786282131554,HOBBIES
2013-12-07,23282.55355654995,21316.174845688918,25219.659205037085,HOBBIES
2013-12-14,22786.930008366944,20894.807741318837,24865.225758066503,HOBBIES
2013-12-21,21576.10772208472,19567.905555066653,23349.36499684821,HOBBIES
2013-12-28,20541.044141287104,18554.07742910843,22388.392295143116,HOBBIES
2014-01-04,20456.24678004459,18562.946504786483,22359.559180727403,HOBBIES
2014-01-11,21333.641316237292,19397.836745246434,23341.164356165104,HOBBIES
2014-01-18,22542.427623600335,20688.107341079347,24513.18172942377,HOBBIES
2014-01-25,23449.292502017284,21464.734053286513,25400.150644345656,HOBBIES
2014-02-01,23867.002366795576,21988.787103131814,25798.438355543585,HOBBIES
2014-02-08,23956.093212344025,21884.37601295112,25913.401480356264,HOBBIES
2014-02-15,23878.154459414167,22097.60852484963,25845.21477509001,HOBBIES
2014-02-22,23669.591025690668,21755.049057596832,25573.365176541018,HOBBIES
2014-03-01,23393.946380694513,21400.524242812284,25240.686815905137,HOBBIES
2014-03-08,23244.713401530797,21267.5617882438,25008.75994514625,HOBBIES
2014-03-15,23390.79741924194,21457.81991155887,25216.027371636705,HOBBIES
2014-03-22,23759.47719259039,21878.49111059233,25778.421996071178,HOBBIES
2014-03-29,24067.92751859427,22079.99904052912,26178.25282453416,HOBBIES
2014-04-05,24096.60832933004,22098.469100889677,25873.810429437355,HOBBIES
2014-04-12,23884.279549440806,21997.402761846453,25833.381743274353,HOBBIES
2014-04-19,23630.597426540473,21872.03421665066,25634.344982468003,HOBBIES
2014-04-26,23464.42722374689,21711.1897255473,25479.66769309646,HOBBIES
2014-05-03,23377.3605842215,21597.783746315457,25180.511303092568,HOBBIES
2014-05-10,23362.440391547312,21516.816169515292,25239.03623284115,HOBBIES
2014-05-17,23508.47402892614,21484.13000097547,25432.163004162645,HOBBIES
2014-05-24,23879.0004589612,21918.135762756647,25727.317990608954,HOBBIES
2014-05-31,24337.610213174543,22368.784118411175,26213.96809649186,HOBBIES
2014-06-07,24600.93069829885,22662.882897528732,26498.06516698579,HOBBIES
2014-06-14,24502.944361149996,22748.615137382865,26394.43881790199,HOBBIES
2014-06-21,24179.33602931769,22337.844877257747,26079.936229955205,HOBBIES
2014-06-28,23913.745379518656,21964.82005882904,25914.283029833314,HOBBIES
2014-07-05,23828.684035108952,21864.836066610675,25858.43909068719,HOBBIES
2014-07-12,23788.909763289274,21825.15398955552,25772.410627551675,HOBBIES
2014-07-19,23618.10500891965,21771.161819143115,25725.23913347293,HOBBIES
2014-07-26,23332.093854696468,21482.954645719085,25292.820367871667,HOBBIES
2014-08-02,23106.989041394736,21218.31973033659,25055.998099977274,HOBBIES
2014-08-09,22965.762817964554,21042.64933255853,24941.804652270366,HOBBIES
2014-08-16,22763.751519801182,20843.883997573637,24902.391544050708,HOBBIES
2014-08-23,22394.00405690896,20406.512762738126,24315.57735340731,HOBBIES
2014-08-30,22023.01497359968,19984.06630444248,24010.617262638967,HOBBIES
2014-09-06,21982.233898968254,20122.192519680135,24025.593455140122,HOBBIES
2014-09-13,22397.733389540994,20567.412575371447,24355.474864016207,HOBBIES
2014-09-20,23013.69678286259,21007.84737061362,24975.17008481374,HOBBIES
2014-09-27,23487.28240562044,21464.907830127526,25332.306977808807,HOBBIES
2014-10-04,23715.956591808485,21799.399634900943,25635.797823174784,HOBBIES
2014-10-11,23942.472371541757,22090.1861093015,25820.673127145856,HOBBIES
2014-10-18,24326.917203402947,22579.59518145208,26334.10234163734,HOBBIES
2014-10-25,24632.500821366477,22785.076615595553,26609.69334624676,HOBBIES
2014-11-01,24455.269682839462,22612.02080339248,26412.766901948526,HOBBIES
2014-11-08,23776.63901126083,21958.75581536514,25625.834728452042,HOBBIES
2014-11-15,23147.221955288584,21284.12645654971,24963.65010735438,HOBBIES
2014-11-22,23178.63357600158,21361.16307582577,25218.226015064167,HOBBIES
2014-11-29,23863.72530549196,21816.85617186407,25716.52208003106,HOBBIES
2014-12-06,24451.030380047032,22683.077726764208,26325.90852951843,HOBBIES
2014-12-13,24197.138457311037,22316.17734223157,26168.622321845247,HOBBIES
2014-12-20,23125.96778817068,21248.15361426035,24897.830785243452,HOBBIES
2014-12-27,22053.29477345089,20181.81637387254,23989.62085975409,HOBBIES
2015-01-03,21838.620396258742,19990.5017069666,23778.364151520225,HOBBIES
2015-01-10,22645.08531308671,20728.72366617666,24431.018055214907,HOBBIES
2015-01-17,23915.73996718395,22046.3474705774,25707.469070186384,HOBBIES
2015-01-24,24970.909351968618,23197.88613259884,26980.026156496893,HOBBIES
2015-01-31,25535.684724473598,23673.419206842995,27518.29035358017,HOBBIES
2015-02-07,25733.958967226747,23858.616577391942,27786.13804154266,HOBBIES
2015-02-14,25746.726086307503,23713.950676141274,27666.42904042006,HOBBIES
2015-02-21,25626.35947043535,23803.958707892398,27513.35806285112,HOBBIES
2015-02-28,25417.722857757057,23482.23848238496,27460.075552516264,HOBBIES
2015-03-07,25295.417823083826,23395.01174838196,27289.63849547657,HOBBIES
2015-03-14,25451.688014610107,23464.624382102036,27294.503196022095,HOBBIES
2015-03-21,25864.27382238379,23936.848324131257,27726.64970564924,HOBBIES
2015-03-28,26271.488841484974,24299.401684406017,28216.89412282647,HOBBIES
2015-04-04,26421.239631299028,24433.496821997764,28440.64212354288,HOBBIES
2015-04-11,26304.856934938074,24327.269248483986,28293.082293031042,HOBBIES
2015-04-18,26110.75055667174,24226.214339577316,27842.7081461494,HOBBIES
2015-04-25,25992.826734324826,24031.765742212327,27906.351874588545,HOBBIES
2015-05-02,25960.585473049327,24127.001999087657,27897.32773006352,HOBBIES
2015-05-09,25994.73885837858,24136.88790091248,27852.14560786839,HOBBIES
2015-05-16,26169.87983131032,24164.87951387114,28104.900823302345,HOBBIES
2015-05-23,26569.517068551453,24656.202303688515,28610.077192771725,HOBBIES
2015-05-30,27098.09127803707,25209.565300182425,29086.440564421828,HOBBIES
2015-06-06,27479.593642840762,25552.56764606773,29407.677011309446,HOBBIES
2015-06-13,27508.18495094935,25630.900266129294,29353.461607571408,HOBBIES
2015-06-20,27267.574041112854,25414.637295370943,29290.691890462895,HOBBIES
2015-06-27,27038.105991581037,25297.98095832379,28920.741816446032,HOBBIES
2015-07-04,26988.217601894336,25031.080143035833,29133.390843875808,HOBBIES
2015-07-11,27019.63871011641,25009.491132491305,28968.64128280881,HOBBIES
2015-07-18,26941.31609319431,25070.87915661489,28892.4850982693,HOBBIES
2015-07-25,26728.920740925994,24919.939288177786,28657.525189432923,HOBBIES
2015-08-01,26529.171594013467,24622.9810332286,28413.498107330997,HOBBIES
2015-08-08,26421.43849179785,24514.195375466457,28359.31071584002,HOBBIES
2015-08-15,26285.240946469672,24372.032544079186,28368.575102678333,HOBBIES
2015-08-22,25983.878721934758,24147.62810197116,28011.6778753551,HOBBIES
2015-08-29,25630.894066464985,23650.687186905827,27538.527039653505,HOBBIES
2015-09-05,25552.992465808653,23698.892448111255,27488.933651748346,HOBBIES
2015-09-12,25937.65382833399,24140.326944414835,27897.54404320622,HOBBIES
2015-09-19,26589.42975254289,24685.916863063307,28486.655675669484,HOBBIES
2015-09-26,27126.607306088983,25171.07275948344,29188.53519986738,HOBBIES
2015-10-03,27402.684142111724,25440.910664624582,29412.735951034927,HOBBIES
2015-10-10,27625.02968595027,25684.028738056742,29526.346234358974,HOBBIES
2015-10-17,28002.72231906205,26087.07666055053,30000.332983755437,HOBBIES
2015-10-24,28370.317461007493,26439.91919110692,30297.664038343373,HOBBIES
2015-10-31,28314.12573919075,26482.849776346986,30418.827838177367,HOBBIES
2015-11-07,27713.950617467468,25782.558872557307,29651.79819581308,HOBBIES
2015-11-14,27038.205657227307,25275.191899000605,28875.841793357165,HOBBIES
2015-11-21,26944.77754587932,25057.096473996087,28918.777646630664,HOBBIES
2015-11-28,27555.442428418428,25487.228169683833,29306.273088640184,HOBBIES
2015-12-05,28227.231034611425,26401.58015250692,30124.813509705236,HOBBIES
2015-12-12,28150.09938954303,26246.475072514044,30095.989301673922,HOBBIES
2015-12-19,27181.180932570107,25273.767019203973,29064.44132588988,HOBBIES
2015-12-26,26034.83715976527,24197.203440997368,28122.05217825379,HOBBIES
2016-01-02,25629.83717790572,23831.416215900248,27548.47884517147,HOBBIES
2016-01-09,26280.12103410586,24388.548548701536,28232.232429915675,HOBBIES
2016-01-16,27523.753873979753,25704.28793535665,29534.086712348944,HOBBIES
2016-01-23,28652.489505018446,26756.79290590096,30419.547353617425,HOBBIES
2016-01-30,29303.2791296605,27407.082428591126,31203.939667375005,HOBBIES
2016-02-06,29550.951628071733,27677.320692428897,31387.25367401811,HOBBIES
2016-02-13,29589.55841644673,27637.34742250169,31594.211028094385,HOBBIES
2016-02-20,29492.258095699974,27536.575985525527,31302.66367619067,HOBBIES
2016-02-27,29290.45271609666,27484.89938403051,31139.493736769396,HOBBIES
2016-03-05,29135.85586326816,27146.295121739353,31205.28663661525,HOBBIES
2016-03-12,29235.604137930375,27216.509901161444,31071.34035309419,HOBBIES
2016-03-19,29616.893219678866,27815.182849613495,31441.52250924181,HOBBIES
2016-03-26,30048.02690168995,28097.24653013383,31898.6005778563,HOBBIES
2016-04-02,30252.642054694632,28275.401529032184,32349.719308797423,HOBBIES
2016-04-09,30172.851916449566,28276.819830237655,32049.111421329726,HOBBIES
2016-04-16,29977.46384233262,28020.20545204579,31753.478635729112,HOBBIES
2016-04-23,29841.602175617296,28006.77565637301,31682.59759843533,HOBBIES
2016-04-30,29797.06803881065,27849.617893573883,31528.72599550694,HOBBIES
2016-05-07,29816.84571128537,27805.674331318125,31812.144592520784,HOBBIES
2016-05-14,29958.277021990907,28105.03714512478,31865.567365813302,HOBBIES
